,,,,,"+7(499)173-11-88, san@mc.ru",,,
,,,,,,https://mc.ru,,
,,,,,Прайс-лист   от   24.04.2026   15:06,,,
Инженерные системы,,,,,,,,
Фланцы стальные,,,,,,,,
Наименование,диаметр,Ед.изм,Цена,,"Фланец стальной воротниковый Ду воротниковый, сталь Py40",65 ,шт,1080
"Фланец стальной воротниковый Ду воротниковый, сталь Py16",20 ,шт,260,,,,,
,,,,,,,,
,,,,,"Фланец стальной воротниковый Ду воротниковый, сталь Py40",80 ,шт,1100
"Фланец стальной воротниковый Ду воротниковый, сталь Py16",25 ,шт,350,,,,,
,,,,,,,,
,,,,,"Фланец стальной воротниковый Ду воротниковый, сталь Py40",100 ,шт,1490
"Фланец стальной воротниковый Ду воротниковый, сталь Py16",32 ,шт,380,,,,,
,,,,,,,,
,,,,,"Фланец стальной воротниковый Ду воротниковый, сталь Py40",150 ,шт,2890
"Фланец стальной воротниковый Ду воротниковый, сталь Py16",40 ,шт,405,,,,,
,,,,,,,,
,,,,,"Фланец стальной воротниковый Ду воротниковый, сталь Py40",200 ,шт,6582
"Фланец стальной воротниковый Ду воротниковый, сталь Py16",50 ,шт,499,,,,,
,,,,,,,,
,,,,,Фланец стальной плоский Ду сталь Py10,15 ,шт,115
"Фланец стальной воротниковый Ду воротниковый, сталь Py16",65 ,шт,635,,,,,
,,,,,Фланец стальной плоский Ду сталь Py10,20 ,шт,153
,,,,,,,,
"Фланец стальной воротниковый Ду воротниковый, сталь Py16",80 ,шт,779,,Фланец стальной плоский Ду сталь Py10,25 ,шт,170
,,,,,,,,
,,,,,Фланец стальной плоский Ду сталь Py10,32 ,шт,240
"Фланец стальной воротниковый Ду воротниковый, сталь Py16",100 ,шт,990,,,,,
,,,,,Фланец стальной плоский Ду сталь Py10,40 ,шт,290
,,,,,,,,
"Фланец стальной воротниковый Ду воротниковый, сталь Py16",125 ,шт,1470,,Фланец стальной плоский Ду сталь Py10,50 ,шт,310
,,,,,,,,
,,,,,Фланец стальной плоский Ду сталь Py10,65 ,шт,440
"Фланец стальной воротниковый Ду воротниковый, сталь Py16",150 ,шт,1780,,,,,
,,,,,Фланец стальной плоский Ду сталь Py10,80 ,шт,505
,,,,,,,,
"Фланец стальной воротниковый Ду воротниковый, сталь Py16",200 ,шт,2600,,Фланец стальной плоский Ду сталь Py10,100 ,шт,689
,,,,,,,,
,,,,,Фланец стальной плоский Ду сталь Py10,125 ,шт,830
"Фланец стальной воротниковый Ду воротниковый, сталь Py16",250 ,шт,4099,,,,,
,,,,,Фланец стальной плоский Ду сталь Py10,150 ,шт,1075
,,,,,,,,
"Фланец стальной воротниковый Ду воротниковый, сталь Py16",300 ,шт,4350,,Фланец стальной плоский Ду сталь Py10,200 ,шт,1299
,,,,,,,,
,,,,,Фланец стальной плоский Ду сталь Py10,250 ,шт,1999
"Фланец стальной воротниковый Ду воротниковый, сталь Py16",400 ,шт,14613,,,,,
,,,,,Фланец стальной плоский Ду сталь Py10,300 ,шт,3178
,,,,,,,,
"Фланец стальной воротниковый Ду воротниковый, сталь Py16",500 ,шт,26150,,Фланец стальной плоский Ду сталь Py10,350 ,шт,4740
,,,,,,,,
,,,,,Фланец стальной плоский Ду сталь Py10,400 ,шт,4150
"Фланец стальной воротниковый Ду воротниковый, сталь Py40",15 ,шт,434,,,,,
,,,,,Фланец стальной плоский Ду сталь Py10,500 ,шт,6500
,,,,,,,,
"Фланец стальной воротниковый Ду воротниковый, сталь Py40",20 ,шт,235,,Фланец стальной плоский Ду сталь Py16,15 ,шт,116
,,,,,,,,
,,,,,Фланец стальной плоский Ду сталь Py16,20 ,шт,160
"Фланец стальной воротниковый Ду воротниковый, сталь Py40",25 ,шт,350,,,,,
,,,,,Фланец стальной плоский Ду сталь Py16,25 ,шт,201
,,,,,,,,
"Фланец стальной воротниковый Ду воротниковый, сталь Py40",32 ,шт,445,,Фланец стальной плоский Ду сталь Py16,32 ,шт,271
,,,,,,,,
,,,,,Фланец стальной плоский Ду сталь Py16,40 ,шт,316
"Фланец стальной воротниковый Ду воротниковый, сталь Py40",40 ,шт,677,,,,,
,,,,,Фланец стальной плоский Ду сталь Py16,50 ,шт,340
,,,,,,,,
"Фланец стальной воротниковый Ду воротниковый, сталь Py40",50 ,шт,789,,Фланец стальной плоский Ду сталь Py16,65 ,шт,449
,,,,,,,,
,,,,,,,,
,,,,,,,,
,,,,,,,,
,,,,,,,,
,,,,,,,,
Фланцы стальные (продолжение),,,,,Фланец стальной плоский Ду НЕКОНДИЦИЯ сталь Py10,125 ; 150,шт,0
Наименование,диаметр,Ед.изм,Цена,,,,,
Фланец стальной плоский Ду сталь Py16,80 ,шт,590,,,,,
,,,,,Фланец стальной плоский Ду НЕКОНДИЦИЯ сталь Py25,200 ,шт,0
Фланец стальной плоский Ду сталь Py16,100 ,шт,0,,,,,
,,,,,,,,
Фланец стальной плоский Ду сталь Py16,100 ,шт,750,,Фланец стальной плоский Ду НЕКОНДИЦИЯ сталь Py6,50 ,шт,0
,,,,,,,,
Фланец стальной плоский Ду сталь Py16,125 ,шт,950,,,,,
,,,,,Отводы стальные,,,
Фланец стальной плоский Ду сталь Py16,150 ,шт,1189,,Наименование,диаметр,Ед.изм,Цена
,,,,,Отвод стальной шовный без покрытия,15 ,шт,27
Фланец стальной плоский Ду сталь Py16,200 ,шт,0,,,,,
,,,,,Отвод стальной шовный без покрытия,15 ,шт,34
Фланец стальной плоский Ду сталь Py16,200 ,шт,1720,,,,,
,,,,,Отвод стальной шовный без покрытия,15 ,шт,37
Фланец стальной плоский Ду сталь Py16,250 ,шт,2599,,,,,
,,,,,Отвод стальной шовный без покрытия,20 ,шт,44
Фланец стальной плоский Ду сталь Py16,350 ,шт,4350,,,,,
,,,,,Отвод стальной шовный без покрытия,20 ,шт,"44,5"
Фланец стальной плоский Ду сталь Py16,500 ,шт,10250,,,,,
,,,,,Отвод стальной шовный без покрытия,20 ,шт,58
Фланец стальной плоский Ду сталь Py16,600 ,шт,11750,,,,,
,,,,,Отвод стальной шовный без покрытия,25 ,шт,119
Фланец стальной плоский Ду сталь Py25,15 ,шт,150,,,,,
,,,,,Отвод стальной шовный без покрытия,25 ,шт,120
Фланец стальной плоский Ду сталь Py25,20 ; 25,шт,190,,,,,
,,,,,Отвод стальной шовный без покрытия,25 ,шт,82
Фланец стальной плоский Ду сталь Py25,32 ,шт,337,,,,,
,,,,,Отвод стальной шовный без покрытия,32 ,шт,158
Фланец стальной плоский Ду сталь Py25,40 ,шт,370,,,,,
,,,,,Отвод стальной шовный без покрытия,32 ,шт,189
Фланец стальной плоский Ду сталь Py25,50 ,шт,410,,,,,
,,,,,Отвод стальной шовный без покрытия,32 ,шт,191
Фланец стальной плоский Ду сталь Py25,65 ,шт,540,,,,,
,,,,,Отвод стальной шовный без покрытия,40 ,шт,220
Фланец стальной плоский Ду сталь Py25,80 ,шт,635,,,,,
,,,,,Отвод стальной шовный без покрытия,40 ,шт,226
Фланец стальной плоский Ду сталь Py25,100 ,шт,975,,,,,
,,,,,Отвод стальной шовный без покрытия,40 ,шт,322
Фланец стальной плоский Ду сталь Py25,125 ,шт,1785,,,,,
,,,,,Отвод стальной шовный без покрытия,50 ,шт,425
Фланец стальной плоский Ду сталь Py25,150 ,шт,1635,,,,,
,,,,,Отвод стальной шовный оцинкованный,15 ,шт,0
Фланец стальной плоский Ду сталь Py25,200 ,шт,2771,,,,,
,,,,,Отвод стальной шовный оцинкованный,15 ,шт,35
Фланец стальной плоский Ду сталь Py25,250 ,шт,4620,,,,,
,,,,,Отвод стальной шовный оцинкованный,15 ,шт,50
Фланец стальной плоский Ду сталь Py25,300 ,шт,6500,,,,,
,,,,,Отвод стальной шовный оцинкованный,15 ,шт,52
Фланец стальной плоский Ду сталь Py6,32 ,шт,243,,,,,
,,,,,Отвод стальной шовный оцинкованный,20 ,шт,57
Фланец стальной плоский Ду сталь Py6,40 ,шт,294,,,,,
,,,,,Отвод стальной шовный оцинкованный,20 ,шт,79
Фланец стальной плоский Ду сталь Py6,50 ,шт,299,,,,,
,,,,,Отвод стальной шовный оцинкованный,20 ,шт,80
Фланец стальной плоский Ду сталь Py6,65 ,шт,428,,,,,
,,,,,Отвод стальной шовный оцинкованный,25 ,шт,166
Фланец стальной плоский Ду сталь Py6,80 ,шт,660,,,,,
,,,,,Отвод стальной шовный оцинкованный,25 ,шт,185
Фланец стальной плоский Ду сталь Py6,100 ,шт,670,,,,,
,,,,,Отвод стальной шовный оцинкованный,25 ,шт,80
Фланец стальной плоский Ду сталь Py6,125 ,шт,1156,,,,,
,,,,,Отвод стальной шовный оцинкованный,32 ,шт,245
Фланец стальной плоский Ду сталь Py6,150 ,шт,1430,,,,,
,,,,,Отвод стальной шовный оцинкованный,32 ,шт,247
Фланец стальной плоский Ду сталь Py6,200 ,шт,1475,,,,,
,,,,,,,,
,,,,,,,,
,,,,,,,,
,,,,,,,,
,,,,,,,,
Отводы стальные (продолжение),,,,,Тройник стальной переходной Дн оцинкованный,108 ,шт,1099
Наименование,диаметр,Ед.изм,Цена,,,,,
Отвод стальной шовный оцинкованный,32 ,шт,280,,,,,
,,,,,Тройник стальной переходной Дн оцинкованный,108 ,шт,1147
Отвод стальной шовный оцинкованный,40 ,шт,377,,,,,
,,,,,,,,
Отвод стальной шовный оцинкованный,40 ,шт,423,,Тройник стальной переходной Дн оцинкованный,133 ,шт,1795
,,,,,,,,
Отвод стальной шовный оцинкованный,40 ,шт,427,,,,,
,,,,,Тройник стальной переходной Дн оцинкованный,159 ,шт,2599
Отвод стальной шовный оцинкованный,50 ,шт,633,,,,,
,,,,,,,,
Отвод стальной шовный оцинкованный,50 ,шт,640,,Тройник стальной переходной Дн оцинкованный,219 ,шт,4968
,,,,,,,,
Отвод стальной шовный оцинкованный,50 ,шт,817,,,,,
,,,,,Тройник стальной переходной Дн оцинкованный,219 ,шт,5595
Тройники стальные,,,,,,,,
Наименование,диаметр,Ед.изм,Цена,,,,,
Тройник стальной переходной Дн без покрытия,57 ,шт,265,,Тройник стальной равнопроходной Дн без покрытия,21.3 ,шт,150
,,,,,,,,
,,,,,,,,
Тройник стальной переходной Дн без покрытия,76 ,шт,490,,Тройник стальной равнопроходной Дн без покрытия,26.9 ,шт,169
,,,,,,,,
,,,,,,,,
Тройник стальной переходной Дн без покрытия,76 ,шт,509,,Тройник стальной равнопроходной Дн без покрытия,33.7 ,шт,195
,,,,,,,,
,,,,,,,,
Тройник стальной переходной Дн без покрытия,89 ,шт,619,,Тройник стальной равнопроходной Дн без покрытия,42.4 ,шт,323
,,,,,,,,
,,,,,,,,
Тройник стальной переходной Дн без покрытия,89 ,шт,637,,Тройник стальной равнопроходной Дн без покрытия,45 ,шт,395
,,,,,,,,
,,,,,,,,
Тройник стальной переходной Дн без покрытия,108 ,шт,890,,Тройник стальной равнопроходной Дн без покрытия,48.3 ,шт,340
,,,,,,,,
,,,,,,,,
Тройник стальной переходной Дн без покрытия,108 ,шт,899,,Тройник стальной равнопроходной Дн без покрытия,57 ,шт,250
,,,,,,,,
,,,,,,,,
Тройник стальной переходной Дн без покрытия,108 ,шт,970,,Тройник стальной равнопроходной Дн без покрытия,76 ,шт,475
,,,,,,,,
,,,,,,,,
Тройник стальной переходной Дн без покрытия,133 ,шт,1625,,Тройник стальной равнопроходной Дн без покрытия,89 ,шт,575
,,,,,,,,
,,,,,,,,
Тройник стальной переходной Дн без покрытия,159 ,шт,2099,,Тройник стальной равнопроходной Дн без покрытия,108 ,шт,890
,,,,,,,,
,,,,,,,,
Тройник стальной переходной Дн без покрытия,219 ,шт,4420,,Тройник стальной равнопроходной Дн без покрытия,114 ,шт,1075
,,,,,,,,
,,,,,,,,
Тройник стальной переходной Дн без покрытия,219 ,шт,4750,,Тройник стальной равнопроходной Дн без покрытия,133 ,шт,1250
,,,,,,,,
,,,,,,,,
Тройник стальной переходной Дн без покрытия,219 ,шт,4978,,Тройник стальной равнопроходной Дн без покрытия,133 ,шт,1745
,,,,,,,,
,,,,,,,,
Тройник стальной переходной Дн оцинкованный,57 ,шт,307,,Тройник стальной равнопроходной Дн без покрытия,159 ,шт,2050
,,,,,,,,
,,,,,,,,
Тройник стальной переходной Дн оцинкованный,76 ,шт,570,,Тройник стальной равнопроходной Дн без покрытия,219 ,шт,4350
,,,,,,,,
,,,,,,,,
Тройник стальной переходной Дн оцинкованный,89 ,шт,679,,Тройник стальной равнопроходной Дн оцинкованный,21 ,шт,230
,,,,,,,,
,,,,,,,,
Тройник стальной переходной Дн оцинкованный,89 ,шт,709,,Тройник стальной равнопроходной Дн оцинкованный,26 ,шт,260
,,,,,,,,
,,,,,,,,
,,,,,,,,
,,,,,,,,
,,,,,,,,
Тройники стальные (продолжение),,,,,Заглушка эллиптическая  Ру16,65 ,шт,45
Наименование,диаметр,Ед.изм,Цена,,,,,
Тройник стальной равнопроходной Дн оцинкованный,33 ,шт,280,,Заглушка эллиптическая  Ру16,100 ,шт,118
,,,,,,,,
,,,,,Заглушка эллиптическая  Ру16,100 ,шт,125
Тройник стальной равнопроходной Дн оцинкованный,42 ,шт,325,,,,,
,,,,,Заглушка эллиптическая  Ру16,125 ,шт,165
,,,,,,,,
Тройник стальной равнопроходной Дн оцинкованный,45 ,шт,470,,Заглушка эллиптическая  Ру16,150 ,шт,245
,,,,,,,,
,,,,,Заглушка эллиптическая  Ру16,200 ,шт,550
Тройник стальной равнопроходной Дн оцинкованный,48 ,шт,561,,,,,
,,,,,Заглушка эллиптическая  Ру16,200 ,шт,715
,,,,,,,,
Тройник стальной равнопроходной Дн оцинкованный,57 ,шт,320,,Заглушка эллиптическая  Ру16,250 ,шт,975
,,,,,,,,
,,,,,Заглушка эллиптическая  Ру16,300 ,шт,2080
Тройник стальной равнопроходной Дн оцинкованный,76 ,шт,609,,,,,
,,,,,Заглушка эллиптическая  Ру16,350 ,шт,2350
,,,,,,,,
Тройник стальной равнопроходной Дн оцинкованный,89 ,шт,787,,Заглушка эллиптическая  Ру16,400 ,шт,2628
,,,,,,,,
,,,,,Заглушка эллиптическая  Ру16,500 ,шт,4380
Тройник стальной равнопроходной Дн оцинкованный,108 ,шт,1090,,,,,
,,,,,Заглушка эллиптическая  Ру16,600 ,шт,14500
,,,,,,,,
Тройник стальной равнопроходной Дн оцинкованный,114 ,шт,1225,,Переходы стальные,,,
,,,,,Наименование,диаметр,Ед.изм,Цена
,,,,,Переход стальной без покрытия сталь,26 ; 33,шт,25
Тройник стальной равнопроходной Дн оцинкованный,133 ,шт,1999,,,,,
,,,,,Переход стальной без покрытия сталь,33 ,шт,28
,,,,,,,,
Тройник стальной равнопроходной Дн оцинкованный,159 ,шт,2550,,Переход стальной без покрытия сталь,38 ,шт,46
,,,,,,,,
,,,,,Переход стальной без покрытия сталь,42 ,шт,30
Тройник стальной равнопроходной Дн оцинкованный,219 ,шт,5093,,,,,
,,,,,Переход стальной без покрытия сталь,42 ,шт,37
,,,,,,,,
Заглушки стальные,,,,,Переход стальной без покрытия сталь,42 ,шт,46
Наименование,диаметр,Ед.изм,Цена,,,,,
Заглушка фланцевая  Ру10,200 ,шт,1769,,Переход стальной без покрытия сталь,45 ,шт,45
,,,,,,,,
Заглушка фланцевая  Ру16,50 ,шт,364,,Переход стальной без покрытия сталь,45 ,шт,57
,,,,,,,,
Заглушка фланцевая  Ру16,65 ,шт,395,,Переход стальной без покрытия сталь,45 ; 57,шт,65
,,,,,,,,
Заглушка фланцевая  Ру16,80 ,шт,524,,Переход стальной без покрытия сталь,57 ,шт,68
,,,,,,,,
Заглушка фланцевая  Ру16,100 ,шт,620,,Переход стальной без покрытия сталь,57 ,шт,74
,,,,,,,,
Заглушка фланцевая  Ру16,125 ,шт,625,,Переход стальной без покрытия сталь,76 ,шт,110
,,,,,,,,
Заглушка фланцевая  Ру16,150 ,шт,915,,Переход стальной без покрытия сталь,76 ,шт,117
,,,,,,,,
Заглушка фланцевая  Ру16,200 ,шт,1868,,Переход стальной без покрытия сталь,76 ,шт,127
,,,,,,,,
Заглушка фланцевая  Ру16,250 ,шт,3476,,Переход стальной без покрытия сталь,89 ,шт,140
,,,,,,,,
Заглушка фланцевая  Ру16,300 ,шт,4840,,Переход стальной без покрытия сталь,89 ,шт,152
,,,,,,,,
Заглушка эллиптическая  Ру16,25 ,шт,15,,Переход стальной без покрытия сталь,108 ,шт,220
,,,,,,,,
Заглушка эллиптическая  Ру16,32 ,шт,17,,Переход стальной без покрытия сталь,108 ,шт,230
,,,,,,,,
Заглушка эллиптическая  Ру16,40 ,шт,20,,Переход стальной без покрытия сталь,108 ,шт,232
,,,,,,,,
Заглушка эллиптическая  Ру16,50 ,шт,28,,Переход стальной без покрытия сталь,114 ,шт,219
,,,,,,,,
,,,,,,,,
,,,,,,,,
,,,,,,,,
,,,,,,,,
Переходы стальные (продолжение),,,,,Переход стальной оцинкованный сталь,42 ,шт,57
Наименование,диаметр,Ед.изм,Цена,,,,,
Переход стальной без покрытия сталь,114 ,шт,245,,Переход стальной оцинкованный сталь,42 ,шт,74
,,,,,,,,
Переход стальной без покрытия сталь,114 ,шт,253,,Переход стальной оцинкованный сталь,45 ,шт,49
,,,,,,,,
Переход стальной без покрытия сталь,133 ,шт,369,,Переход стальной оцинкованный сталь,45 ,шт,55
,,,,,,,,
Переход стальной без покрытия сталь,133 ,шт,370,,Переход стальной оцинкованный сталь,45 ,шт,78
,,,,,,,,
Переход стальной без покрытия сталь,133 ,шт,410,,Переход стальной оцинкованный сталь,57 ,шт,73
,,,,,,,,
Переход стальной без покрытия сталь,159 ,шт,472,,Переход стальной оцинкованный сталь,57 ,шт,75
,,,,,,,,
Переход стальной без покрытия сталь,159 ,шт,500,,Переход стальной оцинкованный сталь,57 ,шт,76
,,,,,,,,
Переход стальной без покрытия сталь,159 ,шт,516,,Переход стальной оцинкованный сталь,76 ,шт,119
,,,,,,,,
Переход стальной без покрытия сталь,159 ,шт,525,,Переход стальной оцинкованный сталь,76 ,шт,135
,,,,,,,,
Переход стальной без покрытия сталь,159 ,шт,535,,Переход стальной оцинкованный сталь,76 ,шт,142
,,,,,,,,
Переход стальной без покрытия сталь,159 ,шт,570,,Переход стальной оцинкованный сталь,89 ,шт,175
,,,,,,,,
Переход стальной без покрытия сталь,219 ,шт,1055,,Переход стальной оцинкованный сталь,89 ,шт,183
,,,,,,,,
Переход стальной без покрытия сталь,219 ,шт,1080,,Переход стальной оцинкованный сталь,89 ,шт,185
,,,,,,,,
Переход стальной без покрытия сталь,219 ,шт,1130,,Переход стальной оцинкованный сталь,108 ,шт,250
,,,,,,,,
Переход стальной без покрытия сталь,219 ,шт,1150,,Переход стальной оцинкованный сталь,108 ,шт,251
,,,,,,,,
Переход стальной без покрытия сталь,219 ,шт,1158,,Переход стальной оцинкованный сталь,108 ,шт,282
,,,,,,,,
Переход стальной без покрытия сталь,219 ,шт,920,,Переход стальной оцинкованный сталь,114 ,шт,277
,,,,,,,,
Переход стальной без покрытия сталь,219 ,шт,939,,Переход стальной оцинкованный сталь,114 ,шт,287
,,,,,,,,
Переход стальной без покрытия сталь,273 ,шт,2025,,Переход стальной оцинкованный сталь,114 ,шт,289
,,,,,,,,
Переход стальной без покрытия сталь,273 ,шт,2099,,Переход стальной оцинкованный сталь,133 ,шт,366
,,,,,,,,
Переход стальной без покрытия сталь,273 ,шт,2100,,Переход стальной оцинкованный сталь,133 ,шт,371
,,,,,,,,
Переход стальной без покрытия сталь,325 ,шт,3250,,Переход стальной оцинкованный сталь,133 ,шт,395
,,,,,,,,
Переход стальной без покрытия сталь,325 ,шт,3261,,Переход стальной оцинкованный сталь,133 ,шт,405
,,,,,,,,
Переход стальной без покрытия сталь,325 ,шт,3320,,Переход стальной оцинкованный сталь,133 ,шт,485
,,,,,,,,
Переход стальной без покрытия сталь,377 ,шт,7190,,Переход стальной оцинкованный сталь,159 ,шт,602
,,,,,,,,
Переход стальной без покрытия сталь,377 ,шт,7280,,Переход стальной оцинкованный сталь,159 ,шт,604
,,,,,,,,
Переход стальной без покрытия сталь,377 ,шт,7715,,Переход стальной оцинкованный сталь,159 ,шт,610
,,,,,,,,
Переход стальной без покрытия сталь,377 ,шт,9265,,Переход стальной оцинкованный сталь,159 ,шт,627
,,,,,,,,
Переход стальной без покрытия сталь,426 ,шт,8900,,Переход стальной оцинкованный сталь,159 ,шт,633
,,,,,,,,
Переход стальной оцинкованный сталь,33 ,шт,35,,Переход стальной оцинкованный сталь,219 ,шт,1181
,,,,,,,,
Переход стальной оцинкованный сталь,38 ,шт,63,,Переход стальной оцинкованный сталь,219 ,шт,1288
,,,,,,,,
Переход стальной оцинкованный сталь,38 ,шт,70,,Переход стальной оцинкованный сталь,219 ,шт,1400
,,,,,,,,
Переход стальной оцинкованный сталь,42 ,шт,43,,Переход стальной оцинкованный сталь,219 ,шт,1480
,,,,,,,,
,,,,,,,,
,,,,,,,,
,,,,,,,,
,,,,,,,,
,,,,,Резьбы стальные без покрытия без покрытия,15 ,шт,19
Переход стальной оцинкованный сталь,219 ,шт,1480,,,,,
,,,,,,,,
"Сгоны, бочата, резьбы",,,,,Резьбы стальные без покрытия без покрытия,15 ,шт,6
Наименование,диаметр,Ед.изм,Цена,,,,,
Бочата стальные без покрытия без покрытия,15 ,шт,"10,5",,,,,
,,,,,Резьбы стальные без покрытия без покрытия,15 ,шт,8
,,,,,,,,
Бочата стальные без покрытия без покрытия,15 ,шт,9,,,,,
,,,,,Резьбы стальные без покрытия без покрытия,20 ,шт,10
,,,,,,,,
Бочата стальные без покрытия без покрытия,20 ,шт,13,,,,,
,,,,,Резьбы стальные без покрытия без покрытия,20 ,шт,15
,,,,,,,,
Бочата стальные без покрытия без покрытия,25 ,шт,21,,,,,
,,,,,Резьбы стальные без покрытия без покрытия,20 ,шт,23
,,,,,,,,
Бочата стальные без покрытия без покрытия,25 ,шт,23,,,,,
,,,,,Резьбы стальные без покрытия без покрытия,20 ,шт,8
,,,,,,,,
Бочата стальные без покрытия без покрытия,32 ,шт,27,,,,,
,,,,,Резьбы стальные без покрытия без покрытия,20 ,шт,9
,,,,,,,,
Бочата стальные без покрытия без покрытия,32 ,шт,"28,5",,,,,
,,,,,Резьбы стальные без покрытия без покрытия,25 ,шт,12
,,,,,,,,
Бочата стальные без покрытия без покрытия,40 ,шт,35,,,,,
,,,,,Резьбы стальные без покрытия без покрытия,25 ,шт,16
,,,,,,,,
Бочата стальные без покрытия без покрытия,40 ,шт,45,,,,,
,,,,,Резьбы стальные без покрытия без покрытия,25 ,шт,18
,,,,,,,,
Бочата стальные без покрытия без покрытия,50 ,шт,67,,,,,
,,,,,Резьбы стальные без покрытия без покрытия,25 ,шт,30
,,,,,,,,
Бочата стальные оцинкованные оцинкованный,15 ,шт,14,,,,,
,,,,,Резьбы стальные без покрытия без покрытия,32 ,шт,21
,,,,,,,,
Бочата стальные оцинкованные оцинкованный,15 ,шт,17,,,,,
,,,,,Резьбы стальные без покрытия без покрытия,32 ,шт,28
,,,,,,,,
Бочата стальные оцинкованные оцинкованный,20 ,шт,21,,,,,
,,,,,Резьбы стальные без покрытия без покрытия,32 ,шт,42
,,,,,,,,
Бочата стальные оцинкованные оцинкованный,25 ,шт,28,,,,,
,,,,,Резьбы стальные без покрытия без покрытия,40 ,шт,26
,,,,,,,,
Бочата стальные оцинкованные оцинкованный,25 ,шт,31,,,,,
,,,,,Резьбы стальные без покрытия без покрытия,40 ,шт,30
,,,,,,,,
Бочата стальные оцинкованные оцинкованный,32 ,шт,39,,,,,
,,,,,Резьбы стальные без покрытия без покрытия,40 ,шт,59
,,,,,,,,
Бочата стальные оцинкованные оцинкованный,32 ,шт,43,,,,,
,,,,,Резьбы стальные без покрытия без покрытия,50 ,шт,0
,,,,,,,,
Бочата стальные оцинкованные оцинкованный,40 ,шт,53,,,,,
,,,,,Резьбы стальные без покрытия без покрытия,50 ,шт,27
,,,,,,,,
Бочата стальные оцинкованные оцинкованный,40 ,шт,64,,,,,
,,,,,Резьбы стальные без покрытия без покрытия,50 ,шт,50
,,,,,,,,
Бочата стальные оцинкованные оцинкованный,50 ,шт,68,,,,,
,,,,,Резьбы стальные без покрытия без покрытия,50 ,шт,85
,,,,,,,,
Резьбы стальные без покрытия без покрытия,15 ,шт,12,,,,,
,,,,,Резьбы стальные без покрытия без покрытия,65 ,шт,62
,,,,,,,,
,,,,,,,,
,,,,,,,,
,,,,,,,,
,,,,,,,,
"Сгоны, бочата, резьбы (продолжение)",,,,,Сгон сталь в/к L=130мм,25 ,шт,0
Наименование,диаметр,Ед.изм,Цена,,,,,
Резьбы стальные без покрытия без покрытия,65 ,шт,85,,Сгон сталь в/к L=130мм,25 ,шт,139
,,,,,,,,
,,,,,Сгон сталь в/к L=130мм,25 ,шт,150
Резьбы стальные без покрытия без покрытия,80 ,шт,122,,,,,
,,,,,Сгон сталь в/к L=130мм,32 ,шт,197
,,,,,,,,
Резьбы стальные без покрытия без покрытия,100 ,шт,170,,Сгон сталь в/к L=150мм,50 ,шт,397
,,,,,,,,
,,,,,Сгоны стальные без покрытия без покрытия,15 ,шт,17
Резьбы стальные оцинкованные оцинкованная,15 ,шт,0,,,,,
,,,,,,,,
,,,,,Сгоны стальные без покрытия без покрытия,15 ; 20,шт,22
Резьбы стальные оцинкованные оцинкованная,15 ,шт,11,,,,,
,,,,,,,,
,,,,,Сгоны стальные без покрытия без покрытия,20 ,шт,28
Резьбы стальные оцинкованные оцинкованная,15 ,шт,14,,,,,
,,,,,,,,
,,,,,Сгоны стальные без покрытия без покрытия,25 ,шт,36
Резьбы стальные оцинкованные оцинкованная,20 ; 25,шт,17,,,,,
,,,,,,,,
,,,,,Сгоны стальные без покрытия без покрытия,25 ,шт,43
Резьбы стальные оцинкованные оцинкованная,25 ,шт,18,,,,,
,,,,,,,,
,,,,,Сгоны стальные без покрытия без покрытия,32 ,шт,47
Резьбы стальные оцинкованные оцинкованная,25 ; 32,шт,22,,,,,
,,,,,,,,
,,,,,Сгоны стальные без покрытия без покрытия,32 ,шт,59
Резьбы стальные оцинкованные оцинкованная,32 ,шт,24,,,,,
,,,,,,,,
,,,,,Сгоны стальные без покрытия без покрытия,40 ,шт,71
Резьбы стальные оцинкованные оцинкованная,32 ,шт,36,,,,,
,,,,,,,,
,,,,,Сгоны стальные без покрытия без покрытия,40 ,шт,78
Резьбы стальные оцинкованные оцинкованная,40 ,шт,29,,,,,
,,,,,,,,
,,,,,Сгоны стальные без покрытия без покрытия,50 ,шт,81
Резьбы стальные оцинкованные оцинкованная,40 ,шт,"45,5",,,,,
,,,,,,,,
,,,,,Сгоны стальные без покрытия без покрытия,50 ,шт,98
Резьбы стальные оцинкованные оцинкованная,50 ,шт,38,,,,,
,,,,,,,,
,,,,,Сгоны стальные без покрытия без покрытия,65 ,шт,218
Резьбы стальные оцинкованные оцинкованная,50 ,шт,43,,,,,
,,,,,,,,
,,,,,Сгоны стальные оцинкованные оцинкованный,15 ,шт,26
Резьбы стальные оцинкованные оцинкованная,50 ,шт,65,,,,,
,,,,,,,,
,,,,,Сгоны стальные оцинкованные оцинкованный,15 ; 20,шт,29
Резьбы стальные оцинкованные оцинкованная,65 ,шт,105,,,,,
,,,,,,,,
,,,,,Сгоны стальные оцинкованные оцинкованный,20 ,шт,37
Резьбы стальные оцинкованные оцинкованная,65 ,шт,94,,,,,
,,,,,,,,
,,,,,Сгоны стальные оцинкованные оцинкованный,25 ,шт,54
Резьбы стальные оцинкованные оцинкованная,80 ,шт,205,,,,,
,,,,,,,,
,,,,,Сгоны стальные оцинкованные оцинкованный,25 ,шт,58
Сгон сталь в/к L=110мм,15 ,шт,69,,,,,
,,,,,,,,
Сгон сталь в/к L=110мм,15 ,шт,71,,Сгоны стальные оцинкованные оцинкованный,32 ,шт,72
,,,,,,,,
Сгон сталь в/к L=110мм,20 ,шт,88,,,,,
,,,,,Сгоны стальные оцинкованные оцинкованный,32 ,шт,79
Сгон сталь в/к L=110мм,20 ,шт,91,,,,,
,,,,,,,,
,,,,,,,,
,,,,,,,,
,,,,,,,,
,,,,,,,,
,,,,,,,,
"Сгоны, бочата, резьбы (продолжение)",,,,,Кран шаровый латунный Temper никель Ру40,20 ,шт,457
Наименование,диаметр,Ед.изм,Цена,,,,,
Сгоны стальные оцинкованные оцинкованный,50 ,шт,117,,,,,
,,,,,Кран шаровый латунный Temper никель Ру40,20 ,шт,462
,,,,,,,,
Сгоны стальные оцинкованные оцинкованный,50 ,шт,131,,,,,
,,,,,Кран шаровый латунный Temper никель Ру40,25 ,шт,595
,,,,,,,,
Сгоны стальные оцинкованные оцинкованный,65 ,шт,299,,,,,
,,,,,Кран шаровый латунный Temper никель Ру40,25 ,шт,603
,,,,,,,,
Краны шаровые латунные,,,,,,,,
Наименование,диаметр,Ед.изм,Цена,,Кран шаровый латунный Temper никель Ру40,25 ,шт,671
Кран шаровый латунный Temper никель Ру25,32 ,шт,1385,,,,,
,,,,,,,,
,,,,,Кран шаровый латунный Temper никель Ру40,25 ,шт,677
Кран шаровый латунный Temper никель Ру25,32 ,шт,1399,,,,,
,,,,,,,,
,,,,,Кран шаровый латунный Temper никель Ру40,25 ,шт,857
Кран шаровый латунный Temper никель Ру25,32 ,шт,917,,,,,
,,,,,,,,
,,,,,Кран шаровый латунный Temper никель Ру40,25 ,шт,865
Кран шаровый латунный Temper никель Ру25,32 ,шт,927,,,,,
,,,,,,,,
,,,,,Краны шаровые латунные без покрытия  Ру16,20 ,шт,155
Кран шаровый латунный Temper никель Ру25,40 ,шт,1506,,,,,
,,,,,,,,
,,,,,Краны шаровые латунные без покрытия  Ру16,20 ,шт,165
Кран шаровый латунный Temper никель Ру25,40 ,шт,1605,,,,,
,,,,,,,,
,,,,,Краны шаровые латунные без покрытия  Ру16,20 ,шт,195
Кран шаровый латунный Temper никель Ру25,50 ,шт,2187,,,,,
,,,,,,,,
,,,,,Краны шаровые латунные без покрытия  Ру16,20 ,шт,250
Кран шаровый латунный Temper никель Ру25,50 ,шт,2370,,,,,
,,,,,,,,
,,,,,Краны шаровые латунные без покрытия  Ру16,25 ,шт,455
Кран шаровый латунный Temper никель Ру40,15 ,шт,186,,,,,
,,,,,,,,
,,,,,Краны шаровые латунные без покрытия  Ру16,25 ,шт,575
Кран шаровый латунный Temper никель Ру40,15 ,шт,193,,,,,
,,,,,,,,
,,,,,Краны шаровые латунные без покрытия  Ру16,40 ,шт,670
Кран шаровый латунный Temper никель Ру40,15 ,шт,218,,,,,
,,,,,,,,
,,,,,Краны шаровые латунные без покрытия  Ру16,40 ,шт,999
Кран шаровый латунный Temper никель Ру40,15 ,шт,228,,,,,
,,,,,,,,
,,,,,Краны шаровые латунные без покрытия  Ру25,40 ,шт,1526
Кран шаровый латунный Temper никель Ру40,15 ,шт,289,,,,,
,,,,,,,,
,,,,,Краны шаровые латунные без покрытия  Ру25,40 ,шт,1615
Кран шаровый латунный Temper никель Ру40,15 ,шт,294,,,,,
,,,,,,,,
,,,,,Краны шаровые латунные без покрытия  Ру40,15 ,шт,190
Кран шаровый латунный Temper никель Ру40,20 ,шт,305,,,,,
,,,,,,,,
,,,,,Краны шаровые латунные без покрытия  Ру40,15 ,шт,195
Кран шаровый латунный Temper никель Ру40,20 ,шт,306,,,,,
,,,,,,,,
,,,,,Краны шаровые латунные без покрытия  Ру40,15 ,шт,212
Кран шаровый латунный Temper никель Ру40,20 ,шт,361,,,,,
,,,,,,,,
,,,,,Краны шаровые латунные без покрытия  Ру40,15 ,шт,256
Кран шаровый латунный Temper никель Ру40,20 ,шт,365,,,,,
,,,,,,,,
,,,,,Краны шаровые латунные без покрытия  Ру40,15 ,шт,262
,,,,,,,,
,,,,,,,,
,,,,,,,,
,,,,,,,,
,,,,,,,,
Краны шаровые латунные (продолжение),,,,,Кран шаровой стальной муфтовый 280 Ру40,25 ,шт,1458
Наименование,диаметр,Ед.изм,Цена,,,,,
Краны шаровые латунные без покрытия  Ру40,15 ,шт,323,,Кран шаровой стальной муфтовый 280 Ру40,32 ,шт,1686
,,,,,,,,
,,,,,Кран шаровой стальной муфтовый 280 Ру40,40 ,шт,1905
Краны шаровые латунные без покрытия  Ру40,15 ,шт,335,,,,,
,,,,,Кран шаровой стальной муфтовый 280 Ру40,50 ,шт,2242
,,,,,,,,
Краны шаровые латунные без покрытия  Ру40,20 ,шт,302,,Кран шаровой стальной муфтовый 380 Ру40,50 ,шт,0
,,,,,,,,
,,,,,Кран шаровой стальной приварной 282 Ру25,65 ,шт,2690
Краны шаровые латунные без покрытия  Ру40,20 ,шт,348,,,,,
,,,,,,,,
,,,,,Кран шаровой стальной приварной 282 Ру25,80 ,шт,3696
Краны шаровые латунные без покрытия  Ру40,20 ,шт,365,,,,,
,,,,,,,,
,,,,,Кран шаровой стальной приварной 282 Ру25,150 ,шт,11940
Краны шаровые латунные без покрытия  Ру40,20 ,шт,371,,,,,
,,,,,,,,
,,,,,Кран шаровой стальной приварной 282 Ру40,15 ,шт,1120
Краны шаровые латунные без покрытия  Ру40,20 ,шт,487,,,,,
,,,,,,,,
,,,,,Кран шаровой стальной приварной 282 Ру40,20 ,шт,1235
Краны шаровые латунные без покрытия  Ру40,20 ,шт,493,,,,,
,,,,,,,,
,,,,,Кран шаровой стальной приварной 282 Ру40,25 ,шт,1269
Краны шаровые латунные без покрытия  Ру40,25 ,шт,578,,,,,
,,,,,,,,
,,,,,Кран шаровой стальной приварной 282 Ру40,32 ,шт,1250
Краны шаровые латунные без покрытия  Ру40,25 ,шт,612,,,,,
,,,,,,,,
,,,,,Кран шаровой стальной приварной 282 Ру40,40 ,шт,1620
Краны шаровые латунные без покрытия  Ру40,25 ,шт,622,,,,,
,,,,,,,,
,,,,,Кран шаровой стальной приварной 282 Ру40,50 ,шт,1870
Краны шаровые латунные без покрытия  Ру40,32 ,шт,1260,,,,,
,,,,,,,,
,,,,,Кран шаровой стальной приварной 292 Ру25,65 ,шт,3528
Краны шаровые латунные без покрытия  Ру40,32 ,шт,909,,,,,
,,,,,,,,
,,,,,Кран шаровой стальной приварной 292 Ру25,80 ,шт,3880
Краны шаровые латунные без покрытия  Ру40,32 ,шт,918,,,,,
,,,,,,,,
,,,,,Кран шаровой стальной приварной 292 Ру40,25 ,шт,1350
Краны шаровые латунные газовые газ Ру16,32 ,шт,680,,,,,
,,,,,,,,
Краны шаровые латунные для термодатчиков  Ру40,15 ,шт,170,,Кран шаровой стальной приварной 292 Ру40,50 ,шт,2690
,,,,,,,,
,,,,,,,,
Краны шаровые латунные для термодатчиков для термодатчика Ру16,15 ,шт,168,,Кран шаровой стальной фланцевый 283 Ру16,65 ,шт,3765
,,,,,,,,
,,,,,,,,
Краны шаровые латунные со спускным устройством со спускником Ру16,20 ,шт,430,,Кран шаровой стальной фланцевый 283 Ру16,80 ,шт,5500
,,,,,,,,
,,,,,,,,
Краны шаровые стальные,,,,,Кран шаровой стальной фланцевый 283 Ру16,150 ,шт,18650
Наименование,диаметр,Ед.изм,Цена,,,,,
Кран шаровой стальной c редуктором фланцевый 283 Ру16,150 ,шт,31700,,,,,
,,,,,Кран шаровой стальной фланцевый 283 Ру16,200 ,шт,26000
,,,,,,,,
Кран шаровой стальной c редуктором фланцевый 283 Ру16,300 ,шт,178185,,,,,
,,,,,Кран шаровой стальной фланцевый 283 Ру40,15 ,шт,1512
,,,,,,,,
Кран шаровой стальной муфтовый 280 Ру40,15 ,шт,1260,,,,,
,,,,,Кран шаровой стальной фланцевый 283 Ру40,20 ,шт,1728
Кран шаровой стальной муфтовый 280 Ру40,20 ,шт,1340,,,,,
,,,,,,,,
,,,,,,,,
,,,,,,,,
,,,,,,,,
,,,,,,,,
,,,,,,,,
Краны шаровые стальные (продолжение),,,,,Краны МАРШАЛ  16,150 ,шт,22000
Наименование,диаметр,Ед.изм,Цена,,Краны МАРШАЛ  16,200 ,шт,29300
Кран шаровой стальной фланцевый 283 Ру40,25 ,шт,2114,,Краны МАРШАЛ  25,65 ,шт,2200
,,,,,Краны МАРШАЛ  25,80 ,шт,2990
,,,,,Краны МАРШАЛ  25,80 ,шт,3500
Кран шаровой стальной фланцевый 283 Ру40,32 ,шт,2305,,Краны МАРШАЛ  25,100 ,шт,3700
,,,,,Краны МАРШАЛ  25,150 ,шт,9800
,,,,,Краны МАРШАЛ  40,15 ,шт,1080
Кран шаровой стальной фланцевый 283 Ру40,40 ,шт,2585,,Краны МАРШАЛ  40,20 ,шт,1070
,,,,,Краны МАРШАЛ  40,20 ,шт,1100
,,,,,Краны МАРШАЛ  40,20 ,шт,1450
Кран шаровой стальной фланцевый 283 Ру40,50 ,шт,2850,,Краны МАРШАЛ  40,25 ,шт,1140
,,,,,Краны МАРШАЛ  40,25 ,шт,1150
,,,,,Краны МАРШАЛ  40,25 ,шт,1800
Кран шаровой стальной фланцевый 284 Ру25,65 ,шт,4035,,Краны МАРШАЛ  40,25 ,шт,1970
,,,,,Краны МАРШАЛ  40,32 ,шт,1140
,,,,,Краны МАРШАЛ  40,32 ,шт,1970
Кран шаровой стальной фланцевый 284 Ру25,80 ,шт,5150,,Краны МАРШАЛ  40,32 ,шт,2055
,,,,,Краны МАРШАЛ  40,40 ,шт,1480
,,,,,Краны МАРШАЛ  40,40 ,шт,2190
Кран шаровой стальной фланцевый 284 Ру25,150 ,шт,20600,,Краны МАРШАЛ  40,40 ,шт,2400
,,,,,Краны МАРШАЛ  40,50 ,шт,1600
,,,,,Краны МАРШАЛ  40,50 ,шт,2160
Кран шаровой стальной фланцевый 284 Ру25,200 ,шт,31900,,Краны МАРШАЛ  40,50 ,шт,2420
,,,,,Краны Темпер 282 Ру25,100 ,шт,4527
,,,,,,,,
Кран шаровой стальной фланцевый 286 Ру16,65 ,шт,3000,,Краны Темпер 283 Ру16,100 ,шт,6482
,,,,,,,,
,,,,,Краны Темпер 283 Ру16,125 ,шт,14804
Кран шаровой стальной фланцевый 286 Ру16,80 ,шт,5504,,,,,
,,,,,Краны Темпер 283 Ру16,125 ,шт,26961
,,,,,,,,
Кран шаровой стальной фланцевый 286 Ру40,15 ,шт,1250,,Краны Темпер 284 Ру25,100 ,шт,7542
,,,,,,,,
,,,,,Краны Темпер 286 Ру16,100 ,шт,5960
Кран шаровой стальной фланцевый 286 Ру40,32 ,шт,2050,,,,,
,,,,,Краны Темпер 292 Ру25,100 ,шт,9735
,,,,,,,,
Кран шаровой стальной фланцевый 286 Ру40,40 ,шт,2350,,Краны Темпер 293 Ру16,100 ,шт,14320
,,,,,,,,
,,,,,Краны Темпер 293 Ру16,125 ,шт,17409
Кран шаровой стальной фланцевый 286 Ру40,50 ,шт,2855,,,,,
,,,,,Краны шаровые стальные разборные  16,50 ,шт,4880
,,,,,,,,
Кран шаровой стальной фланцевый 293 Ру16,65 ,шт,5200,,Краны шаровые стальные разборные  16,65 ,шт,6680
,,,,,,,,
,,,,,Краны шаровые стальные разборные  16,80 ,шт,7750
Кран шаровой стальной фланцевый 293 Ру16,80 ,шт,6715,,,,,
,,,,,Краны шаровые стальные разборные  16,100 ,шт,14700
,,,,,,,,
Кран шаровой стальной фланцевый 293 Ру16,150 ,шт,26310,,Краны шаровые стальные разборные  16,150 ,шт,29700
,,,,,,,,
,,,,,Задвижки стальные,,,
Кран шаровой стальной фланцевый 293 Ру40,25 ,шт,2305,,Наименование,диаметр,Ед.изм,Цена
,,,,,БРАК Задвижка стальная клиновая литая  30с41нж Ду3 Ручной с маховиком,300 ,шт,38000
,,,,,,,,
Кран шаровой стальной фланцевый 293 Ру40,32 ,шт,2415,,,,,
,,,,,Задвижка стальная 30с41нж  Ру16,50 ,шт,4480
,,,,,,,,
Кран шаровой стальной фланцевый 293 Ру40,40 ,шт,2934,,Задвижка стальная 30с41нж  Ру16,80 ,шт,6800
,,,,,,,,
,,,,,Задвижка стальная 30с41нж  Ру16,100 ,шт,8900
Краны МАРШАЛ  16,65 ,шт,3100,,,,,
Краны МАРШАЛ  16,65 ,шт,4370,,Задвижка стальная 30с41нж  Ру16,125 ,шт,16000
Краны МАРШАЛ  16,80 ,шт,4590,,,,,
Краны МАРШАЛ  16,100 ,шт,12150,,Задвижка стальная 30с41нж  Ру16,150 ,шт,16800
Краны МАРШАЛ  16,125 ,шт,12300,,,,,
,,,,,,,,
,,,,,,,,
,,,,,,,,
,,,,,,,,
,,,,,,,,
Задвижки стальные (продолжение),,,,,Задвижки МЗТА  Ру16,300 ,шт,178000
Наименование,диаметр,Ед.изм,Цена,,Задвижки МЗТА  Ру25,50 ,шт,12600
Задвижка стальная 30с41нж  Ру16,200 ,шт,24500,,Задвижки МЗТА  Ру25,150 ,шт,50000
,,,,,Задвижки МЗТА  Ру25,300 ,шт,170000
Задвижка стальная клиновая литая  30с64нж Ду50 Ру2 Ручной с маховиком,50 ,шт,6000,,Задвижки МЗТА газ Ру16,150 ,шт,53000
,,,,,,,,
,,,,,Задвижки МЗТА газ Ру16,200 ,шт,63000
Задвижка стальная клиновая литая 30с15нж Ду 80 Ру4 Ручной с маховиком,40 ,шт,11700,,,,,
,,,,,Задвижки МЗТА под эл/привод Ру16,50 ,шт,21000
,,,,,,,,
Задвижка стальная клиновая литая 30с64нж Ручной с маховиком,50 ; 80,шт,0,,Задвижки МЗТА под эл/привод Ру16,80 ,шт,24000
,,,,,,,,
,,,,,Задвижки МЗТА под эл/привод Ру16,100 ,шт,31000
Задвижка стальная клиновая литая 30с64нж Ручной с маховиком,100 ,шт,14500,,,,,
,,,,,Задвижки МЗТА под эл/привод Ру16,150 ,шт,59000
,,,,,,,,
Задвижка стальная клиновая литая 30с64нж Ду300 Ручной с маховиком,300 ,шт,0,,Задвижки МЗТА под эл/привод Ру16,200 ,шт,73000
,,,,,,,,
,,,,,Задвижки чугунные,,,
Задвижки Китай Ручной с маховиком Py16,50 ,шт,3750,,Наименование,диаметр,Ед.изм,Цена
,,,,,Задвижки 30ч39р МЗВГ Китай 150C открытая гайка Ру16,50 ,шт,2000
Задвижки Китай Ручной с маховиком Py16,80 ,шт,5500,,,,,
,,,,,,,,
Задвижки Китай Ручной с маховиком Py16,100 ,шт,7300,,Задвижки 30ч39р МЗВГ Китай 150C открытая гайка Ру16,65 ,шт,2600
,,,,,,,,
Задвижки Китай Ручной с маховиком Py16,125 ,шт,13600,,,,,
,,,,,Задвижки 30ч39р МЗВГ Китай 150C открытая гайка Ру16,80 ,шт,2900
Задвижки Китай Ручной с маховиком Py16,150 ,шт,13550,,,,,
,,,,,,,,
Задвижки Китай Ручной с маховиком Py16,200 ,шт,20200,,Задвижки 30ч39р МЗВГ Китай 150C открытая гайка Ру16,100 ,шт,3600
,,,,,,,,
Задвижки Китай Ручной с маховиком Py16,250 ,шт,33150,,,,,
,,,,,Задвижки 30ч39р МЗВГ Китай 150C открытая гайка Ру16,125 ,шт,4800
Задвижки Китай Ручной с маховиком Py16,300 ,шт,45600,,,,,
,,,,,,,,
Задвижки Китай Ручной с маховиком Py16,350 ,шт,95000,,Задвижки 30ч39р МЗВГ Китай 150C открытая гайка Ру16,150 ,шт,5950
,,,,,,,,
Задвижки Китай Ручной с маховиком Py16,350 ,шт,97000,,,,,
,,,,,Задвижки 30ч39р МЗВГ Китай 150C открытая гайка Ру16,200 ,шт,9900
Задвижки Китай Ручной с маховиком Py16,400 ,шт,140000,,,,,
,,,,,,,,
Задвижки Китай Ручной с маховиком Py25,50 ,шт,5400,,Задвижки 30ч39р МЗВГ Китай 150C открытая гайка Ру16,250 ,шт,18800
,,,,,,,,
Задвижки Китай Ручной с маховиком Py25,80 ,шт,8800,,,,,
,,,,,Задвижки 30ч39р МЗВГ Китай 150C открытая гайка Ру16,300 ,шт,25000
Задвижки Китай Ручной с маховиком Py25,100 ,шт,13000,,,,,
,,,,,,,,
Задвижки Китай Ручной с маховиком Py25,150 ,шт,22500,,Задвижки 30ч39р под электропривод КНР под эл. привод 120C Ру10,500 ,шт,99900
,,,,,,,,
Задвижки Китай Ручной с маховиком Py25,250 ,шт,59000,,,,,
,,,,,Задвижки 30ч39р под электропривод КНР эл. привод 120C ОГ Ру10,600 ,шт,135000
Задвижки Китай Ручной с маховиком Py25,300 ,шт,76000,,,,,
,,,,,,,,
Задвижки Китай Ручной с маховиком Py40,80 ,шт,12500,,Задвижки с обрезиненным клином з-д им Гаджиева аналог МЗВ РУ10,200 ,шт,23200
,,,,,,,,
Задвижки Китай Ручной с маховиком Py40,100 ,шт,18500,,,,,
,,,,,Задвижки с обрезиненным клином з-д им Гаджиева аналог МЗВ РУ10,250 ,шт,38900
Задвижки Китай Ручной с маховиком Py40,150 ,шт,35000,,,,,
,,,,,,,,
Задвижки Китай Ручной с маховиком Py40,200 ,шт,52000,,Задвижки с обрезиненным клином з-д им Гаджиева аналог МЗВ РУ10,300 ,шт,56760
,,,,,,,,
Задвижки МЗТА  Ру16,50 ,шт,12200,,,,,
Задвижки МЗТА  Ру16,80 ,шт,19500,,Задвижки с обрезиненным клином з-д им Гаджиева аналог МЗВ Ру16,65 ,шт,5720
Задвижки МЗТА  Ру16,100 ,шт,23200,,,,,
Задвижки МЗТА  Ру16,150 ,шт,45000,,,,,
Задвижки МЗТА  Ру16,200 ,шт,67700,,Задвижки с обрезиненным клином з-д им Гаджиева аналог МЗВ Ру16,80 ,шт,6550
Задвижки МЗТА  Ру16,250 ,шт,122000,,,,,
,,,,,,,,
,,,,,,,,
,,,,,,,,
,,,,,,,,
,,,,,,,,
Задвижки чугунные (продолжение),,,,,Задвижки с обрезиненным клином Китай 120C открытая гайка Ру10,600 ,шт,118000
Наименование,диаметр,Ед.изм,Цена,,,,,
Задвижки с обрезиненным клином з-д им Гаджиева аналог МЗВ Ру16,100 ,шт,8290,,,,,
,,,,,Задвижки с обрезиненным клином Китай 120C открытая гайка Ру16,50 ,шт,1700
,,,,,,,,
Задвижки с обрезиненным клином з-д им Гаджиева аналог МЗВ Ру16,125 ,шт,11100,,,,,
,,,,,Задвижки с обрезиненным клином Китай 120C открытая гайка Ру16,65 ,шт,2390
,,,,,,,,
Задвижки с обрезиненным клином з-д им Гаджиева аналог МЗВ Ру16,150 ,шт,16815,,,,,
,,,,,Задвижки с обрезиненным клином Китай 120C открытая гайка Ру16,80 ,шт,2120
,,,,,,,,
Задвижки с обрезиненным клином з-д им Гаджиева аналог МЗВГ Ру16,50 ,шт,5800,,,,,
,,,,,Задвижки с обрезиненным клином Китай 120C открытая гайка Ру16,100 ,шт,2900
,,,,,,,,
Задвижки с обрезиненным клином з-д им Гаджиева аналог МЗВГ Ру16,125 ,шт,13750,,,,,
,,,,,Задвижки с обрезиненным клином Китай 120C открытая гайка Ру16,125 ,шт,4100
,,,,,,,,
Задвижки с обрезиненным клином з-д им Гаджиева аналог МЗВГ Ру16,150 ,шт,19490,,,,,
,,,,,Задвижки с обрезиненным клином Китай 120C открытая гайка Ру16,150 ,шт,4650
,,,,,,,,
Задвижки с обрезиненным клином з-д им Гаджиева под эл/привод Ру16,50 ,шт,6600,,,,,
,,,,,Задвижки с обрезиненным клином Китай 120C открытая гайка Ру16,200 ,шт,7500
,,,,,,,,
Задвижки с обрезиненным клином з-д им Гаджиева под эл/привод Ру16,80 ,шт,9650,,,,,
,,,,,Задвижки с обрезиненным клином Китай 120C открытая гайка Ру16,300 ,шт,18300
,,,,,,,,
Задвижки с обрезиненным клином з-д им Гаджиева под эл/привод Ру16,100 ,шт,11990,,,,,
,,,,,Задвижки с обрезиненным клином Китай 120C открытая гайка Ру16,350 ,шт,41400
,,,,,,,,
Задвижки с обрезиненным клином з-д им Гаджиева под эл/привод Ру16,150 ,шт,24500,,,,,
,,,,,Задвижки с обрезиненным клином Китай 120C открытая гайка Ру16,400 ,шт,56000
,,,,,,,,
Задвижки с обрезиненным клином Китай  Ру16,50 ,шт,1150,,,,,
,,,,,Задвижки с обрезиненным клином Китай 120C открытая гайка Ру16,500 ,шт,92000
,,,,,,,,
Задвижки с обрезиненным клином Китай  Ру16,65 ,шт,1625,,,,,
,,,,,Задвижки с обрезиненным клином Китай 120C открытая гайка Ру16,600 ,шт,122000
,,,,,,,,
Задвижки с обрезиненным клином Китай  Ру16,80 ,шт,1930,,,,,
,,,,,Задвижки с обрезиненным клином Китай с редуктором 120C ОГ Ру10,500 ,шт,115000
,,,,,,,,
Задвижки с обрезиненным клином Китай  Ру16,100 ,шт,2390,,,,,
,,,,,Задвижки с обрезиненным клином Китай с редуктором 120C ОГ Ру10,600 ,шт,148000
,,,,,,,,
Задвижки с обрезиненным клином Китай  Ру16,125 ,шт,3900,,,,,
,,,,,Задвижки с обрезиненным клином Китай с редуктором 120C ОГ Ру10,800 ,шт,335000
,,,,,,,,
Задвижки с обрезиненным клином Китай  Ру16,150 ,шт,4200,,,,,
,,,,,Задвижки с обрезиненным клином ЛМЗ 150С Ру10/16,50 ,шт,2820
,,,,,,,,
Задвижки с обрезиненным клином Китай  Ру16,250 ,шт,12080,,,,,
,,,,,Задвижки с обрезиненным клином ЛМЗ 150С Ру10/16,80 ,шт,4110
,,,,,,,,
Задвижки с обрезиненным клином Китай  Ру16,300 ,шт,16100,,,,,
,,,,,Задвижки с обрезиненным клином ЛМЗ 150С Ру10/16,100 ,шт,4990
,,,,,,,,
Задвижки с обрезиненным клином Китай 120C открытая гайка Ру10,200 ,шт,7900,,,,,
,,,,,Задвижки с обрезиненным клином ЛМЗ 150С Ру10/16,150 ,шт,11690
,,,,,,,,
Задвижки с обрезиненным клином Китай 120C открытая гайка Ру10,350 ,шт,40400,,,,,
,,,,,Задвижки с обрезиненным клином ЛМЗ 150С Ру10/16,200 ,шт,18100
,,,,,,,,
Задвижки с обрезиненным клином Китай 120C открытая гайка Ру10,400 ,шт,54000,,,,,
,,,,,Задвижки с обрезиненным клином ЛМЗ 150С Ру10/16,250 ,шт,25200
,,,,,,,,
Задвижки с обрезиненным клином Китай 120C открытая гайка Ру10,500 ,шт,92000,,,,,
,,,,,Задвижки чугунные Китай  Ру10,50 ,шт,1980
,,,,,,,,
,,,,,,,,
,,,,,,,,
,,,,,,,,
,,,,,,,,
Задвижки чугунные (продолжение),,,,,Задвижки шиберные  Ру10,100 ,шт,9150
Наименование,диаметр,Ед.изм,Цена,,,,,
Задвижки чугунные Китай  Ру10,80 ,шт,3200,,Задвижки шиберные  Ру10,125 ,шт,12200
,,,,,,,,
Задвижки чугунные Китай  Ру10,100 ,шт,3900,,Задвижки шиберные  Ру10,200 ,шт,19800
,,,,,,,,
Задвижки чугунные Китай  Ру10,125 ,шт,6450,,Задвижки шиберные  Ру10,250 ,шт,28900
,,,,,,,,
Задвижки чугунные Китай  Ру10,150 ,шт,8200,,Задвижки шиберные  Ру10,300 ,шт,40400
,,,,,,,,
Задвижки чугунные Китай  Ру10,200 ,шт,12750,,Задвижки шиберные  Ру10,350 ,шт,57000
,,,,,,,,
Задвижки чугунные Китай  Ру10,250 ,шт,27300,,Задвижки шиберные  Ру10,400 ,шт,72980
,,,,,,,,
Задвижки чугунные Китай  Ру10,400 ,шт,85000,,Задвижки шиберные  Ру10,450 ,шт,122000
,,,,,,,,
Задвижки чугунные Китай ЛТ Ру10,50 ,шт,0,,Задвижки шиберные  Ру10,600 ,шт,302000
,,,,,,,,
Задвижки чугунные Китай ЛТ Ру10,50 ,шт,1790,,Задвижки шиберные  Ру10,800 ,шт,530000
,,,,,,,,
Задвижки чугунные Китай ЛТ Ру10,80 ,шт,2840,,Задвижки шиберные  Ру10,1000 ,шт,797000
,,,,,,,,
Задвижки чугунные Китай ЛТ Ру10,100 ,шт,3590,,Клапаны и затворы обратные,,,
,,,,,Наименование,диаметр,Ед.изм,Цена
Задвижки чугунные Китай ЛТ Ру10,125 ,шт,6200,,Клапаны и затворы обратные латунные  Ру16,15 ,шт,104
,,,,,,,,
Задвижки чугунные Китай ЛТ Ру10,150 ,шт,7970,,,,,
,,,,,Клапаны и затворы обратные латунные  Ру16,20 ,шт,142
Задвижки чугунные Китай ЛТ Ру10,200 ,шт,12550,,,,,
,,,,,,,,
Задвижки чугунные Китай ЛТ Ру10,250 ,шт,27100,,Клапаны латунные запорные  Py16,15 ,шт,325
,,,,,,,,
Задвижки чугунные Китай ЛТ Ру10,300 ,шт,35200,,Клапаны латунные запорные  Py16,32 ,шт,570
,,,,,,,,
Задвижки чугунные Китай ЛТ Ру10,400 ,шт,85000,,Клапаны латунные запорные  Py16,32 ,шт,680
,,,,,,,,
Задвижки чугунные ЛМЗ  РУ10,250 ,шт,41300,,Клапаны латунные запорные  Py16,40 ,шт,1100
,,,,,,,,
Задвижки чугунные ЛМЗ  РУ10,300 ,шт,65600,,Фильтры,,,
,,,,,Наименование,диаметр,Ед.изм,Цена
Задвижки чугунные ЛМЗ  Ру16,50 ,шт,2890,,Фильтры и запчасти для фильтров фланцевый Ру16,40 ,шт,1150
,,,,,,,,
Задвижки чугунные ЛМЗ  Ру16,80 ,шт,4650,,,,,
,,,,,Фильтры и запчасти для фильтров фланцевый Ру16,40 ,шт,990
Задвижки чугунные под электропривод под эл/привод РУ10,300 ,шт,96900,,,,,
,,,,,,,,
,,,,,Фильтры и запчасти для фильтров фланцевый Ру16,50 ,шт,1050
Задвижки чугунные под электропривод под эл/привод Ру16,50 ,шт,8800,,,,,
,,,,,,,,
,,,,,Фильтры и запчасти для фильтров фланцевый Ру16,50 ,шт,3150
Задвижки чугунные под электропривод под эл/привод Ру16,80 ,шт,12500,,,,,
,,,,,,,,
,,,,,Фильтры и запчасти для фильтров фланцевый Ру16,50 ,шт,950
Задвижки чугунные под электропривод под эл/привод Ру16,100 ,шт,13900,,,,,
,,,,,,,,
,,,,,Фильтры и запчасти для фильтров фланцевый Ру16,65 ,шт,1300
Задвижки чугунные под электропривод под эл/привод Ру16,150 ,шт,26900,,,,,
,,,,,,,,
,,,,,Фильтры и запчасти для фильтров фланцевый Ру16,65 ,шт,3790
Задвижки чугунные под электропривод под эл/привод Ру16,200 ,шт,48000,,,,,
,,,,,,,,
,,,,,Фильтры и запчасти для фильтров фланцевый Ру16,65 ,шт,3800
Задвижки шиберные  Ру10,7 ,шт,448000,,,,,
,,,,,,,,
Задвижки шиберные  Ру10,50 ,шт,6500,,Фильтры и запчасти для фильтров фланцевый Ру16,80 ,шт,1690
,,,,,,,,
Задвижки шиберные  Ру10,80 ,шт,7600,,,,,
,,,,,,,,
,,,,,,,,
,,,,,,,,
,,,,,,,,
,,,,,,,,
Фильтры (продолжение),,,,,Наименование,диаметр,Ед.изм,Цена
Наименование,диаметр,Ед.изм,Цена,,_ Радиатор биметаллический HALSEN 350/80 1250Вт 10 Биметаллический 10,350 ,шт,0
Фильтры и запчасти для фильтров фланцевый Ру16,80 ,шт,1750,,,,,
,,,,,,,,
,,,,,Радиатор алюминиевый HALSEN Алюминиевый 10,350 ,шт,5300
Фильтры и запчасти для фильтров фланцевый Ру16,80 ,шт,4940,,,,,
,,,,,,,,
,,,,,Радиатор алюминиевый HALSEN Алюминиевый 10,500 ,шт,5550
Фильтры и запчасти для фильтров фланцевый Ру16,100 ,шт,1880,,,,,
,,,,,,,,
,,,,,Радиатор алюминиевый HALSEN Алюминиевый 10,500 ,шт,5850
Фильтры и запчасти для фильтров фланцевый Ру16,100 ,шт,2200,,,,,
,,,,,,,,
,,,,,Радиатор алюминиевый HALSEN Алюминиевый 12,350 ,шт,6360
Фильтры и запчасти для фильтров фланцевый Ру16,100 ,шт,6500,,,,,
,,,,,,,,
,,,,,Радиатор алюминиевый HALSEN Алюминиевый 12,500 ,шт,6660
Фильтры и запчасти для фильтров фланцевый Ру16,125 ,шт,3800,,,,,
,,,,,,,,
,,,,,Радиатор алюминиевый HALSEN Алюминиевый 12,500 ,шт,7020
Фильтры и запчасти для фильтров фланцевый Ру16,150 ,шт,3900,,,,,
,,,,,,,,
,,,,,Радиатор алюминиевый HALSEN Алюминиевый 14,350 ,шт,7420
Фильтры и запчасти для фильтров фланцевый Ру16,150 ,шт,4500,,,,,
,,,,,,,,
,,,,,Радиатор алюминиевый HALSEN Алюминиевый 14,500 ,шт,7770
Фильтры и запчасти для фильтров фланцевый Ру16,200 ,шт,8500,,,,,
,,,,,,,,
,,,,,Радиатор алюминиевый HALSEN Алюминиевый 14,500 ,шт,8190
Фильтры и запчасти для фильтров фланцевый Ру16,200 ,шт,8900,,,,,
,,,,,,,,
,,,,,Радиатор алюминиевый HALSEN Алюминиевый 4,350 ,шт,2120
Фильтры и запчасти для фильтров фланцевый Ру16,250 ,шт,15500,,,,,
,,,,,,,,
,,,,,Радиатор алюминиевый HALSEN Алюминиевый 4,500 ,шт,2220
Фильтры и запчасти для фильтров фланцевый Ру16,250 ,шт,16500,,,,,
,,,,,,,,
,,,,,Радиатор алюминиевый HALSEN Алюминиевый 4,500 ,шт,2340
Фильтры и запчасти для фильтров фланцевый Ру16,300 ,шт,25000,,,,,
,,,,,,,,
,,,,,Радиатор алюминиевый HALSEN Алюминиевый 6,500 ,шт,3330
Фильтры и запчасти для фильтров фланцевый Ру16,300 ,шт,26500,,,,,
,,,,,,,,
,,,,,Радиатор алюминиевый HALSEN Алюминиевый 6,500 ,шт,3510
Грязевики,,,,,,,,
Наименование,диаметр,Ед.изм,Цена,,,,,
Грязевики под приварку,50 ,шт,2940,,Радиатор алюминиевый HALSEN Алюминиевый 8,350 ,шт,4240
,,,,,,,,
Грязевики под приварку,65 ,шт,3725,,,,,
,,,,,Радиатор алюминиевый HALSEN Алюминиевый 8,500 ,шт,4440
Грязевики под приварку,65 ,шт,4800,,,,,
,,,,,,,,
Грязевики под приварку,100 ,шт,7250,,Радиатор алюминиевый HALSEN Алюминиевый 8,500 ,шт,4680
,,,,,,,,
Грязевики под приварку,150 ,шт,13750,,,,,
,,,,,Радиатор алюминиевый Moderno 6 секц 894 Вт 6,500 ,шт,2948
Грязевики под приварку,200 ,шт,26500,,,,,
,,,,,,,,
Грязевики фланцевый,40 ,шт,2200,,Радиатор алюминиевый OASIS ECO Алюминиевый 10,500 ,шт,4190
Грязевики фланцевый,40 ,шт,2270,,,,,
Грязевики фланцевый,50 ,шт,3660,,,,,
Грязевики фланцевый,65 ,шт,5528,,Радиатор алюминиевый OASIS ECO Алюминиевый 12,500 ,шт,5028
Грязевики фланцевый,100 ,шт,6650,,,,,
Грязевики фланцевый,125 ,шт,8500,,,,,
Грязевики фланцевый,125 ,шт,9300,,Радиатор алюминиевый OASIS ECO Алюминиевый 12,500 ,шт,5640
Грязевики фланцевый,150 ,шт,13100,,,,,
Радиаторы,,,,,,,,
,,,,,,,,
,,,,,,,,
,,,,,,,,
,,,,,,,,
,,,,,,,,
Радиаторы (продолжение),,,,,Радиатор алюминиевый THERMA алюминиевый 4,500 ,шт,"1534,5"
Наименование,диаметр,Ед.изм,Цена,,,,,
Радиатор алюминиевый OASIS ECO Алюминиевый 14,500 ,шт,5866,,,,,
,,,,,Радиатор алюминиевый THERMA алюминиевый 4,500 ,шт,"1563,54"
,,,,,,,,
Радиатор алюминиевый OASIS ECO Алюминиевый 14,500 ,шт,6580,,,,,
,,,,,Радиатор алюминиевый THERMA алюминиевый 4,500 ,шт,"1568,38"
,,,,,,,,
Радиатор алюминиевый OASIS ECO Алюминиевый 4,500 ,шт,1676,,,,,
,,,,,Радиатор алюминиевый THERMA алюминиевый 4,500 ,шт,"1719,94"
,,,,,,,,
Радиатор алюминиевый OASIS ECO Алюминиевый 4,500 ,шт,1880,,,,,
,,,,,Радиатор алюминиевый THERMA алюминиевый 6,350 ,шт,"2221,87"
,,,,,,,,
Радиатор алюминиевый OASIS ECO Алюминиевый 6,500 ,шт,2514,,,,,
,,,,,Радиатор алюминиевый THERMA алюминиевый 6,500 ,шт,"2301,74"
,,,,,,,,
Радиатор алюминиевый OASIS ECO Алюминиевый 6,500 ,шт,2820,,,,,
,,,,,Радиатор алюминиевый THERMA алюминиевый 6,500 ,шт,"2345,31"
,,,,,,,,
Радиатор алюминиевый OASIS ECO Алюминиевый 8,500 ,шт,3352,,,,,
,,,,,Радиатор алюминиевый THERMA алюминиевый 6,500 ,шт,"2352,57"
,,,,,,,,
Радиатор алюминиевый OASIS ECO Алюминиевый 8,500 ,шт,3760,,,,,
,,,,,Радиатор алюминиевый THERMA алюминиевый 6,500 ,шт,"2579,91"
,,,,,,,,
Радиатор алюминиевый THERMA алюминиевый 10,350 ,шт,"3703,12",,,,,
,,,,,Радиатор алюминиевый THERMA алюминиевый 8,350 ,шт,"2962,5"
,,,,,,,,
Радиатор алюминиевый THERMA алюминиевый 10,500 ,шт,"3908,85",,,,,
,,,,,Радиатор алюминиевый THERMA алюминиевый 8,500 ,шт,"3068,99"
,,,,,,,,
Радиатор алюминиевый THERMA алюминиевый 10,500 ,шт,"3920,95",,,,,
,,,,,Радиатор алюминиевый THERMA алюминиевый 8,500 ,шт,"3127,08"
,,,,,,,,
Радиатор алюминиевый THERMA алюминиевый 10,500 ,шт,"4299,85",,,,,
,,,,,Радиатор алюминиевый THERMA алюминиевый 8,500 ,шт,"3136,76"
,,,,,,,,
Радиатор алюминиевый THERMA алюминиевый 12,350 ,шт,"4443,74",,,,,
,,,,,Радиатор алюминиевый THERMA алюминиевый 8,500 ,шт,"3439,88"
,,,,,,,,
Радиатор алюминиевый THERMA алюминиевый 12,500 ,шт,"4603,49",,,,,
,,,,,Радиатор биметаллический HALSEN Биметаллический 10,350 ,шт,6430
,,,,,,,,
Радиатор алюминиевый THERMA алюминиевый 12,500 ,шт,"4690,62",,,,,
,,,,,Радиатор биметаллический HALSEN Биметаллический 10,500 ,шт,6730
,,,,,,,,
Радиатор алюминиевый THERMA алюминиевый 12,500 ,шт,"4705,14",,,,,
,,,,,Радиатор биметаллический HALSEN Биметаллический 10,500 ,шт,6930
,,,,,,,,
Радиатор алюминиевый THERMA алюминиевый 12,500 ,шт,"5159,82",,,,,
,,,,,Радиатор биметаллический HALSEN Биметаллический 11,500 ,шт,7403
,,,,,,,,
Радиатор алюминиевый THERMA алюминиевый 14,350 ,шт,"5184,37",,,,,
,,,,,Радиатор биметаллический HALSEN Биметаллический 11,500 ,шт,7623
,,,,,,,,
Радиатор алюминиевый THERMA алюминиевый 14,500 ,шт,"5370,73",,,,,
,,,,,Радиатор биметаллический HALSEN Биметаллический 12,350 ,шт,7716
,,,,,,,,
Радиатор алюминиевый THERMA алюминиевый 14,500 ,шт,"5472,39",,,,,
,,,,,Радиатор биметаллический HALSEN Биметаллический 12,500 ,шт,8076
,,,,,,,,
Радиатор алюминиевый THERMA алюминиевый 14,500 ,шт,"5489,33",,,,,
,,,,,Радиатор биметаллический HALSEN Биметаллический 12,500 ,шт,8316
,,,,,,,,
Радиатор алюминиевый THERMA алюминиевый 14,500 ,шт,"6019,79",,,,,
,,,,,Радиатор биметаллический HALSEN Биметаллический 14,350 ,шт,9002
,,,,,,,,
,,,,,,,,
,,,,,,,,
,,,,,,,,
,,,,,,,,
Радиаторы (продолжение),,,,,Радиатор биметаллический OASIS ECO Биметаллический 14,500 ,шт,6608
Наименование,диаметр,Ед.изм,Цена,,,,,
Радиатор биметаллический HALSEN Биметаллический 14,500 ,шт,9422,,,,,
,,,,,Радиатор биметаллический OASIS ECO Биметаллический 4,500 ,шт,1888
,,,,,,,,
Радиатор биметаллический HALSEN Биметаллический 4,350 ,шт,2572,,,,,
,,,,,Радиатор биметаллический OASIS ECO Биметаллический 4,500 ,шт,2104
,,,,,,,,
Радиатор биметаллический HALSEN Биметаллический 4,500 ,шт,2692,,,,,
,,,,,Радиатор биметаллический OASIS ECO Биметаллический 5,500 ,шт,2360
,,,,,,,,
Радиатор биметаллический HALSEN Биметаллический 4,500 ,шт,2772,,,,,
,,,,,Радиатор биметаллический OASIS ECO Биметаллический 6,500 ,шт,2832
,,,,,,,,
Радиатор биметаллический HALSEN Биметаллический 5,500 ,шт,3365,,,,,
,,,,,Радиатор биметаллический OASIS ECO Биметаллический 6,500 ,шт,3156
,,,,,,,,
Радиатор биметаллический HALSEN Биметаллический 5,500 ,шт,3465,,,,,
,,,,,Радиатор биметаллический OASIS ECO Биметаллический 7,500 ,шт,3304
,,,,,,,,
Радиатор биметаллический HALSEN Биметаллический 6,350 ,шт,3858,,,,,
,,,,,Радиатор биметаллический OASIS ECO Биметаллический 8,500 ,шт,3776
,,,,,,,,
Радиатор биметаллический HALSEN Биметаллический 6,500 ,шт,4038,,,,,
,,,,,Радиатор биметаллический OASIS ECO Биметаллический 8,500 ,шт,4208
,,,,,,,,
Радиатор биметаллический HALSEN Биметаллический 6,500 ,шт,4158,,,,,
,,,,,Радиатор биметаллический OASIS ECO Биметаллический 9,500 ,шт,4248
,,,,,,,,
Радиатор биметаллический HALSEN Биметаллический 7,500 ,шт,4711,,,,,
,,,,,Радиатор биметаллический THERMA биметаллический 10,350 ,шт,"3933,05"
,,,,,,,,
Радиатор биметаллический HALSEN Биметаллический 7,500 ,шт,4851,,,,,
,,,,,Радиатор биметаллический THERMA биметаллический 10,500 ,шт,"4703,08"
,,,,,,,,
Радиатор биметаллический HALSEN Биметаллический 8,350 ,шт,5144,,,,,
,,,,,Радиатор биметаллический THERMA биметаллический 10,500 ,шт,"5134,77"
,,,,,,,,
Радиатор биметаллический HALSEN Биметаллический 8,500 ,шт,5384,,,,,
,,,,,Радиатор биметаллический THERMA биметаллический 11,500 ,шт,"4974,61"
,,,,,,,,
Радиатор биметаллический HALSEN Биметаллический 8,500 ,шт,5544,,,,,
,,,,,Радиатор биметаллический THERMA биметаллический 11,500 ,шт,"5173,39"
,,,,,,,,
Радиатор биметаллический HALSEN Биметаллический 9,500 ,шт,6057,,,,,
,,,,,Радиатор биметаллический THERMA биметаллический 11,500 ,шт,"5648,25"
,,,,,,,,
Радиатор биметаллический HALSEN Биметаллический 9,500 ,шт,6237,,,,,
,,,,,Радиатор биметаллический THERMA биметаллический 12,350 ,шт,"4719,66"
,,,,,,,,
Радиатор биметаллический Metallo 12 секц 1656 Вт 12,500 ,шт,6376,,,,,
,,,,,Радиатор биметаллический THERMA биметаллический 12,500 ,шт,"4908,45"
,,,,,,,,
Радиатор биметаллический Metallo 6 секц 828 Вт 6,500 ,шт,3188,,,,,
,,,,,Радиатор биметаллический THERMA биметаллический 12,500 ,шт,"5426,85"
,,,,,,,,
Радиатор биметаллический OASIS ECO Биметаллический 10,500 ,шт,4720,,,,,
,,,,,Радиатор биметаллический THERMA биметаллический 12,500 ,шт,"5643,70"
,,,,,,,,
Радиатор биметаллический OASIS ECO Биметаллический 11,500 ,шт,5192,,,,,
,,,,,Радиатор биметаллический THERMA биметаллический 12,500 ,шт,"6161,72"
,,,,,,,,
Радиатор биметаллический OASIS ECO Биметаллический 12,500 ,шт,5664,,,,,
,,,,,Радиатор биметаллический THERMA биметаллический 14,350 ,шт,"5506,27"
,,,,,,,,
Радиатор биметаллический OASIS ECO Биметаллический 12,500 ,шт,6312,,,,,
,,,,,Радиатор биметаллический THERMA биметаллический 14,500 ,шт,"6331,32"
,,,,,,,,
,,,,,,,,
,,,,,,,,
,,,,,,,,
,,,,,,,,
Радиаторы (продолжение),,,,,Радиатор биметаллический МС THERMA Q ECO Биметаллический 10,500 ,шт,"4607,82"
Наименование,диаметр,Ед.изм,Цена,,,,,
Радиатор биметаллический THERMA биметаллический 14,500 ,шт,"6584,32",,,,,
,,,,,Радиатор биметаллический МС THERMA Q ECO Биметаллический 10,500 ,шт,"5154,3"
,,,,,,,,
Радиатор биметаллический THERMA биметаллический 14,500 ,шт,"7188,68",,,,,
,,,,,Радиатор биметаллический МС THERMA Q ECO Биметаллический 11,350 ,шт,"4850,01"
,,,,,,,,
Радиатор биметаллический THERMA биметаллический 4,350 ,шт,"1573,22",,,,,
,,,,,Радиатор биметаллический МС THERMA Q ECO Биметаллический 11,500 ,шт,"5068,6"
,,,,,,,,
Радиатор биметаллический THERMA биметаллический 4,500 ,шт,"1636,15",,,,,
,,,,,Радиатор биметаллический МС THERMA Q ECO Биметаллический 12,350 ,шт,"5290,92"
,,,,,,,,
Радиатор биметаллический THERMA биметаллический 4,500 ,шт,"1808,95",,,,,
,,,,,Радиатор биметаллический МС THERMA Q ECO Биметаллический 12,500 ,шт,"5529,38"
,,,,,,,,
Радиатор биметаллический THERMA биметаллический 4,500 ,шт,"1881,23",,,,,
,,,,,Радиатор биметаллический МС THERMA Q ECO Биметаллический 14,350 ,шт,"6172,74"
,,,,,,,,
Радиатор биметаллический THERMA биметаллический 4,500 ,шт,"2053,91",,,,,
,,,,,Радиатор биметаллический МС THERMA Q ECO Биметаллический 14,500 ,шт,"6450,95"
,,,,,,,,
Радиатор биметаллический THERMA биметаллический 5,500 ,шт,"2351,54",,,,,
,,,,,Радиатор биметаллический МС THERMA Q ECO Биметаллический 4,350 ,шт,1764
,,,,,,,,
Радиатор биметаллический THERMA биметаллический 6,350 ,шт,"2359,83",,,,,
,,,,,Радиатор биметаллический МС THERMA Q ECO Биметаллический 4,500 ,шт,"1843,13"
,,,,,,,,
Радиатор биметаллический THERMA биметаллический 6,500 ,шт,"2454,22",,,,,
,,,,,Радиатор биметаллический МС THERMA Q ECO Биметаллический 5,350 ,шт,"2204,55"
,,,,,,,,
Радиатор биметаллический THERMA биметаллический 6,500 ,шт,"2713,42",,,,,
,,,,,Радиатор биметаллический МС THERMA Q ECO Биметаллический 5,500 ,шт,"2303,91"
,,,,,,,,
Радиатор биметаллический THERMA биметаллический 6,500 ,шт,"2821,85",,,,,
,,,,,Радиатор биметаллический МС THERMA Q ECO Биметаллический 6,350 ,шт,"2645,46"
,,,,,,,,
Радиатор биметаллический THERMA биметаллический 6,500 ,шт,"3080,86",,,,,
,,,,,Радиатор биметаллический МС THERMA Q ECO Биметаллический 6,350 ,шт,"3086,37"
,,,,,,,,
Радиатор биметаллический THERMA биметаллический 7,500 ,шт,"3292,16",,,,,
,,,,,Радиатор биметаллический МС THERMA Q ECO Биметаллический 6,500 ,шт,"2764,69"
,,,,,,,,
Радиатор биметаллический THERMA биметаллический 8,200 ,шт,"3369,22",,,,,
,,,,,Радиатор биметаллический МС THERMA Q ECO Биметаллический 6,500 ,шт,"3092,58"
,,,,,,,,
Радиатор биметаллический THERMA биметаллический 8,350 ,шт,"3146,44",,,,,
,,,,,Радиатор биметаллический МС THERMA Q ECO Биметаллический 7,500 ,шт,"3225,47"
,,,,,,,,
Радиатор биметаллический THERMA биметаллический 8,500 ,шт,"3272,3",,,,,
,,,,,Радиатор биметаллический МС THERMA Q ECO Биметаллический 8,350 ,шт,"3527,28"
,,,,,,,,
Радиатор биметаллический THERMA биметаллический 8,500 ,шт,"3617,9",,,,,
,,,,,Радиатор биметаллический МС THERMA Q ECO Биметаллический 8,500 ,шт,"3686,26"
,,,,,,,,
Радиатор биметаллический THERMA биметаллический 8,500 ,шт,"3762,47",,,,,
,,,,,Радиатор биметаллический МС THERMA Q ECO Биметаллический 9,350 ,шт,"3968,19"
,,,,,,,,
Радиатор биметаллический THERMA биметаллический 8,500 ,шт,"4107,82",,,,,
,,,,,Радиатор биметаллический МС THERMA Q ECO Биметаллический 9,500 ,шт,"4147,04"
,,,,,,,,
Радиатор биметаллический THERMA биметаллический 9,500 ,шт,"4232,77",,,,,
,,,,,Узлы подключения,,,
,,,,,Наименование,диаметр,Ед.изм,Цена
Радиатор биметаллический МС THERMA Q ECO Биметаллический 10,350 ,шт,"4409,1",,Клапаны и элементы термостатич еские Адаптер Ру16,15 ,шт,"64,83"
,,,,,,,,
,,,,,,,,
,,,,,,,,
,,,,,,,,
,,,,,,,,
,,,,,,,,
Узлы подключения (продолжение),,,,,Клапаны и элементы термостатич еские Клапан термостат Ру16,15 ,шт,"399,39"
Наименование,диаметр,Ед.изм,Цена,,,,,
Клапаны и элементы термостатич еские Вентиль ручной Ру16,15 ,шт,"317,65",,,,,
,,,,,Клапаны и элементы термостатич еские Клапан термостат Ру16,20 ,шт,"450,68"
,,,,,,,,
Клапаны и элементы термостатич еские Вентиль ручной Ру16,15 ,шт,"325,54",,,,,
,,,,,Клапаны и элементы термостатич еские Клапан термостат Ру16,20 ,шт,"486,20"
,,,,,,,,
Клапаны и элементы термостатич еские Вентиль ручной Ру16,15 ,шт,"333,43",,,,,
,,,,,Клапаны и элементы термостатич еские Кран Маевского Ру16,15 ,шт,"42,56"
,,,,,,,,
Клапаны и элементы термостатич еские Вентиль ручной Ру16,15 ,шт,"350,06",,,,,
,,,,,Клапаны и элементы термостатич еские Кран Маевского Ру16,20 ,шт,"58,34"
,,,,,,,,
Клапаны и элементы термостатич еские Вентиль ручной Ру16,20 ,шт,"379,66",,,,,
,,,,,Клапаны и элементы термостатич еские Нижний узел Ру16,20 ,шт,"525,94"
,,,,,,,,
Клапаны и элементы термостатич еские Вентиль ручной Ру16,20 ,шт,"387,83",,,,,
,,,,,Клапаны и элементы термостатич еские Нижний узел Ру16,20 ,шт,"556,66"
,,,,,,,,
Клапаны и элементы термостатич еские Вентиль ручной Ру16,20 ,шт,"401,64",,,,,
,,,,,Клапаны и элементы термостатич еские Термоэлемент,30 ,шт,"239,58"
,,,,,,,,
Клапаны и элементы термостатич еские Вентиль ручной Ру16,20 ,шт,"412,63",,,,,
,,,,,Теплоизоляция полиэтилен,,,
,,,,,Наименование,диаметр,Ед.изм,Цена
Клапаны и элементы термостатич еские Клапан запорный Ру16,15 ,шт,136,,Рулон вспененный полиэтилен 13мм x 1м x 7м (7м2),13 ,м2,207
,,,,,,,,
,,,,,,,,
Клапаны и элементы термостатич еские Клапан запорный Ру16,15 ,шт,168,,Рулон вспененный полиэтилен 3мм x 1м x 30м (30м2,3 ,м2,77
,,,,,,,,
,,,,,,,,
Клапаны и элементы термостатич еские Клапан запорный Ру16,15 ,шт,"212,18",,Рулон вспененный полиэтилен 5мм x 1м x20м (20м2),5 ,м2,108
,,,,,,,,
,,,,,,,,
Клапаны и элементы термостатич еские Клапан запорный Ру16,15 ,шт,"285,24",,Трубка теплоизоляционная вспен полиэтилен Т<95C 2м,15 ,м,11
,,,,,,,,
,,,,,,,,
Клапаны и элементы термостатич еские Клапан запорный Ру16,15 ,шт,"287,21",,Трубка теплоизоляционная вспен полиэтилен Т<95C 2м,15 ,м,17
,,,,,,,,
,,,,,,,,
Клапаны и элементы термостатич еские Клапан запорный Ру16,15 ,шт,"310,04",,Трубка теплоизоляционная вспен полиэтилен Т<95C 2м,15 ,м,9
,,,,,,,,
,,,,,,,,
Клапаны и элементы термостатич еские Клапан запорный Ру16,20 ,шт,238,,Трубка теплоизоляционная вспен полиэтилен Т<95C 2м,18 ,м,12
,,,,,,,,
,,,,,,,,
Клапаны и элементы термостатич еские Клапан запорный Ру16,20 ,шт,"336,53",,Трубка теплоизоляционная вспен полиэтилен Т<95C 2м,18 ,м,19
,,,,,,,,
,,,,,,,,
Клапаны и элементы термостатич еские Клапан запорный Ру16,20 ,шт,"347,52",,Трубка теплоизоляционная вспен полиэтилен Т<95C 2м,18 ,м,9
,,,,,,,,
,,,,,,,,
Клапаны и элементы термостатич еские Клапан запорный Ру16,20 ,шт,"370,35",,Трубка теплоизоляционная вспен полиэтилен Т<95C 2м,22 ,м,10
,,,,,,,,
,,,,,,,,
Клапаны и элементы термостатич еские Клапан запорный Ру16,20 ,шт,"377,12",,Трубка теплоизоляционная вспен полиэтилен Т<95C 2м,22 ,м,13
,,,,,,,,
,,,,,,,,
Клапаны и элементы термостатич еские Клапан регулирующий Ру16,15 ,шт,164,,Трубка теплоизоляционная вспен полиэтилен Т<95C 2м,22 ,м,20
,,,,,,,,
,,,,,,,,
Клапаны и элементы термостатич еские Клапан регулирующий Ру16,20 ,шт,253,,Трубка теплоизоляционная вспен полиэтилен Т<95C 2м,22 ,м,44
,,,,,,,,
,,,,,,,,
Клапаны и элементы термостатич еские Клапан термостат Ру16,15 ,шт,"379,09",,Трубка теплоизоляционная вспен полиэтилен Т<95C 2м,22 ,м,87
,,,,,,,,
,,,,,,,,
,,,,,,,,
,,,,,,,,
,,,,,,,,
,,,,,,,,
Теплоизоляция полиэтилен (продолжение),,,,,Трубка теплоизоляционная вспен полиэтилен Т<95C 2м,60 ,м,52
Наименование,диаметр,Ед.изм,Цена,,,,,
Трубка теплоизоляционная вспен полиэтилен Т<95C 2м,25 ,м,11,,,,,
,,,,,Трубка теплоизоляционная вспен полиэтилен Т<95C 2м,60 ,м,78
,,,,,,,,
Трубка теплоизоляционная вспен полиэтилен Т<95C 2м,25 ,м,15,,,,,
,,,,,Трубка теплоизоляционная вспен полиэтилен Т<95C 2м,64 ,м,47
,,,,,,,,
Трубка теплоизоляционная вспен полиэтилен Т<95C 2м,25 ,м,22,,,,,
,,,,,Трубка теплоизоляционная вспен полиэтилен Т<95C 2м,64 ,м,56
,,,,,,,,
Трубка теплоизоляционная вспен полиэтилен Т<95C 2м,28 ,м,12,,,,,
,,,,,Трубка теплоизоляционная вспен полиэтилен Т<95C 2м,64 ,м,83
,,,,,,,,
Трубка теплоизоляционная вспен полиэтилен Т<95C 2м,28 ,м,15,,,,,
,,,,,Трубка теплоизоляционная вспен полиэтилен Т<95C 2м,76 ,м,201
,,,,,,,,
Трубка теплоизоляционная вспен полиэтилен Т<95C 2м,28 ,м,22,,,,,
,,,,,Трубка теплоизоляционная вспен полиэтилен Т<95C 2м,76 ,м,59
,,,,,,,,
Трубка теплоизоляционная вспен полиэтилен Т<95C 2м,28 ,м,50,,,,,
,,,,,Трубка теплоизоляционная вспен полиэтилен Т<95C 2м,89 ,м,143
,,,,,,,,
Трубка теплоизоляционная вспен полиэтилен Т<95C 2м,28 ,м,91,,,,,
,,,,,Трубка теплоизоляционная вспен полиэтилен Т<95C 2м,89 ,м,156
,,,,,,,,
Трубка теплоизоляционная вспен полиэтилен Т<95C 2м,35 ,м,15,,,,,
,,,,,Трубка теплоизоляционная вспен полиэтилен Т<95C 2м,89 ,м,236
,,,,,,,,
Трубка теплоизоляционная вспен полиэтилен Т<95C 2м,35 ,м,20,,,,,
,,,,,Трубка теплоизоляционная вспен полиэтилен Т<95C 2м,89 ,м,92
,,,,,,,,
Трубка теплоизоляционная вспен полиэтилен Т<95C 2м,35 ,м,27,,,,,
,,,,,Трубка теплоизоляционная вспен полиэтилен Т<95C 2м,110 ,м,109
,,,,,,,,
Трубка теплоизоляционная вспен полиэтилен Т<95C 2м,35 ,м,57,,,,,
,,,,,Трубка теплоизоляционная вспен полиэтилен Т<95C 2м,114 ,м,112
,,,,,,,,
Трубка теплоизоляционная вспен полиэтилен Т<95C 2м,42 ,м,114,,,,,
,,,,,Трубка теплоизоляционная вспен полиэтилен Т<95C 2м,114 ,м,176
,,,,,,,,
Трубка теплоизоляционная вспен полиэтилен Т<95C 2м,42 ,м,25,,,,,
,,,,,Трубка теплоизоляционная вспен полиэтилен Т<95C 2м,133 ,м,128
,,,,,,,,
Трубка теплоизоляционная вспен полиэтилен Т<95C 2м,42 ,м,35,,,,,
,,,,,Трубка теплоизоляционная вспен полиэтилен Т<95C 2м,160 ,м,148
,,,,,,,,
Трубка теплоизоляционная вспен полиэтилен Т<95C 2м,42 ,м,60,,,,,
,,,,,Трубка теплоизоляционная вспен полиэтилен Т<95C 2м,160 ,м,236
,,,,,,,,
Трубка теплоизоляционная вспен полиэтилен Т<95C 2м,48 ,м,125,,,,,
,,,,,Трубка теплоизоляционная вспен полиэтилен  COMPACT Т<95C 2м,18 ,м,16
,,,,,,,,
Трубка теплоизоляционная вспен полиэтилен Т<95C 2м,48 ,м,67,,,,,
,,,,,Трубка теплоизоляционная вспен полиэтилен  COMPACT Т<95C 2м,22 ,м,13
,,,,,,,,
Трубка теплоизоляционная вспен полиэтилен Т<95C 2м,54 ,м,135,,,,,
,,,,,Трубка теплоизоляционная вспен полиэтилен  COMPACT Т<95C 2м,22 ,м,17
,,,,,,,,
Трубка теплоизоляционная вспен полиэтилен Т<95C 2м,54 ,м,76,,,,,
,,,,,Трубка теплоизоляционная вспен полиэтилен  COMPACT Т<95C 2м,28 ,м,19
,,,,,,,,
Трубка теплоизоляционная вспен полиэтилен Т<95C 2м,60 ,м,141,,,,,
,,,,,Теплоизоляция каучук,,,
,,,,,Наименование,диаметр,Ед.изм,Цена
Трубка теплоизоляционная вспен полиэтилен Т<95C 2м,60 ,м,44,,Рулон вспененный каучук 10мм x 1м x 20м (20м,10 ,м2,574
,,,,,,,,
,,,,,,,,
,,,,,,,,
,,,,,,,,
,,,,,,,,
,,,,,,,,
Теплоизоляция каучук (продолжение),,,,,Прокладка паронитовая фланцевая ПОН-Б паронит Py10,350 ,шт,158
Наименование,диаметр,Ед.изм,Цена,,,,,
Рулон вспененный каучук 13мм x 1м x 14м (14м,13 ,м2,690,,,,,
,,,,,Прокладка паронитовая фланцевая ПОН-Б паронит Py10,400 ,шт,168
,,,,,,,,
Трубка теплоизоляционная вспен каучук Т<110C 2м,18 ,м,43,,,,,
,,,,,Прокладка паронитовая фланцевая ПОН-Б паронит Py10,500 ,шт,250
,,,,,,,,
Трубка теплоизоляционная вспен каучук Т<110C 2м,18 ,м,63,,,,,
,,,,,Прокладка паронитовая фланцевая ПОН-Б паронит Py10-16,100 ,шт,23
,,,,,,,,
Трубка теплоизоляционная вспен каучук Т<110C 2м,22 ,м,38,,,,,
,,,,,Прокладка паронитовая фланцевая ПОН-Б паронит Py10-16,150 ,шт,39
,,,,,,,,
Трубка теплоизоляционная вспен каучук Т<110C 2м,22 ,м,52,,,,,
,,,,,Прокладка паронитовая фланцевая ПОН-Б паронит Py10-16,250 ,шт,101
,,,,,,,,
Трубка теплоизоляционная вспен каучук Т<110C 2м,28 ,м,47,,,,,
,,,,,Прокладка паронитовая фланцевая ПОН-Б паронит Py10-40,15 ,шт,3
,,,,,,,,
Трубка теплоизоляционная вспен каучук Т<110C 2м,35 ,м,59,,,,,
,,,,,Прокладка паронитовая фланцевая ПОН-Б паронит Py10-40,20 ,шт,5
,,,,,,,,
Трубка теплоизоляционная вспен каучук Т<110C 2м,35 ,м,65,,,,,
,,,,,Прокладка паронитовая фланцевая ПОН-Б паронит Py10-40,25 ,шт,7
,,,,,,,,
Трубка теплоизоляционная вспен каучук Т<110C 2м,42 ,м,74,,,,,
,,,,,Прокладка паронитовая фланцевая ПОН-Б паронит Py10-40,32 ,шт,8
,,,,,,,,
Трубка теплоизоляционная вспен каучук Т<110C 2м,48 ,м,251,,,,,
,,,,,Прокладка паронитовая фланцевая ПОН-Б паронит Py10-40,40 ,шт,9
,,,,,,,,
Трубка теплоизоляционная вспен каучук Т<110C 2м,48 ,м,96,,,,,
,,,,,Прокладка паронитовая фланцевая ПОН-Б паронит Py10-40,50 ,шт,10
,,,,,,,,
Трубка теплоизоляционная вспен каучук Т<110C 2м,54 ,м,113,,,,,
,,,,,Прокладка паронитовая фланцевая ПОН-Б паронит Py10-40,80 ,шт,19
,,,,,,,,
Трубка теплоизоляционная вспен каучук Т<110C 2м,76 ,м,386,,,,,
,,,,,Прокладка паронитовая фланцевая ПОН-Б паронит Py16,400 ,шт,177
,,,,,,,,
Трубка теплоизоляционная вспен каучук Т<110C 2м,108 ,м,590,,,,,
,,,,,Прокладка паронитовая фланцевая ПОН-Б паронит Py16,500 ,шт,250
,,,,,,,,
Трубка теплоизоляционная вспен каучук Т<110C 2м,114 ,м,354,,,,,
,,,,,Прокладка паронитовая фланцевая ПОН-Б паронит Py16-25,600 ,шт,360
,,,,,,,,
Трубка теплоизоляционная вспен каучук Т<110C 2м,133 ,м,601,,,,,
,,,,,Прокладка паронитовая фланцевая ПОН-Б паронит Py25,250 ,шт,105
,,,,,,,,
Трубка теплоизоляционная вспен каучук Т<110C 2м,160 ,м,703,,,,,
,,,,,Прокладка паронитовая фланцевая ПОН-Б паронит Py25,300 ,шт,144
,,,,,,,,
Прокладки,,,,,,,,
Наименование,диаметр,Ед.изм,Цена,,Прокладка паронитовая фланцевая ПОН-Б паронит Py25-40,100 ,шт,24
"Набор прокладок резина ТМКЩ (1/2"", 3/4"", 1"", 1 1/2 резина",0 ,шт,31,,,,,
,,,,,,,,
,,,,,Прокладка паронитовая фланцевая ПОН-Б паронит Py25-40,150 ,шт,44
"Прокладка д/гибкой подводки Ду15 (1/2"") 19х10мм h= резина",15 ,шт,28,,,,,
,,,,,,,,
,,,,,Прокладка паронитовая фланцевая ПОН-Б паронит Py40,200 ,шт,73
"Прокладка д/подводки резина Ду15(1/2"") 19х10 h=2м резина",15 ,шт,3,,,,,
,,,,,,,,
,,,,,Прокладка паронитовая фланцевая ПОН-Б паронит Py40,250 ,шт,105
Прокладка паронитовая фланцевая ПОН-Б паронит Py10,300 ,шт,111,,,,,
,,,,,,,,
,,,,,"Прокладка резиновая ТМКЩ Ду10(3/8"") 15х8 h=2мм Сим резина",10 ,шт,1
,,,,,,,,
,,,,,,,,
,,,,,,,,
,,,,,,,,
,,,,,,,,
Прокладки (продолжение),,,,,Заглушка латунная никелированная НР Ру 40,15 ,шт,23
Наименование,диаметр,Ед.изм,Цена,,,,,
"Прокладка резиновая ТМКЩ Ду15 (1/2"") 19х10мм h=2мм резина",15 ,шт,1,,,,,
,,,,,Заглушка латунная никелированная НР Ру 40,20 ,шт,52
,,,,,,,,
"Прокладка резиновая ТМКЩ Ду25 (1"") 30х19мм h=2мм б резина",25 ,шт,31,,,,,
,,,,,Заглушка латунная никелированная НР Ру 40,25 ,шт,67
,,,,,,,,
Прокладка резиновая фланцевая МБС резина Py16,300 ,шт,91,,,,,
,,,,,Контргайка латунная никелированная ВР Ру 40,15 ,шт,18
,,,,,,,,
Прокладка резиновая фланцевая ТМКЩ резина Py10-16,250 ,шт,73,,,,,
,,,,,Контргайка латунная никелированная ВР Ру 40,20 ,шт,25
,,,,,,,,
Прокладка резиновая фланцевая ТМКЩ резина Py10-40,40 ,шт,7,,,,,
,,,,,Контргайка латунная никелированная ВР Ру 40,25 ,шт,28
,,,,,,,,
Прокладка резиновая фланцевая ТМКЩ резина Py10-40,50 ,шт,10,,,,,
,,,,,"Крест лат никель Ду 15 (1/2"") ВР VALFEX VF.760.N.0 ВР Ру 40",15 ,шт,94
,,,,,,,,
"Прокладка силикон Ду15(1/2"") 19Х10 h=2мм 2-0004 Си силикон",15 ,шт,2,,,,,
,,,,,"Крест лат никель Ду 20 (3/4"") ВР VALFEX VF.760.N.0 ВР Ру 40",20 ,шт,191
,,,,,,,,
"Прокладка силикон Ду20 (3/4"") 24х14мм h=2мм 2-0013 силикон",20 ,шт,3,,,,,
,,,,,"Крест лат никель Ду 25 (1"") ВР VALFEX VF.760.N.100 ВР Ру 40",25 ,шт,427
,,,,,,,,
"Прокладка силиконовая ТЭП Ду15 (1/2"") 19х10мм h=2м силикон",15 ,уп,29,,,,,
,,,,,"Муфта лат никель Ду 32 (1 1/4"") ВР VALFEX VF.170.N ВР Ру 40",32 ,шт,186
,,,,,,,,
"Прокладка силиконовая ТЭП Ду20 (3/4"") 24х14мм h=2м силикон",20 ,шт,28,,,,,
,,,,,"Муфта лат никель Ду 40 (1 1/2"") ВР VALFEX VF.170.N ВР Ру 40",40 ,шт,250
,,,,,,,,
"Прокладка силиконовая ТЭП Ду25 (1"") 30х19мм h=2мм силикон",25 ,шт,25,,,,,
,,,,,"Муфта лат никель Ду 50 (2"") ВР VALFEX VF.170.N.200 ВР Ру 40",50 ,шт,520
,,,,,,,,
"Прокладка фторопласт Ду20(3/4"") 24х14 h=2мм 2-0016 фторопласт",20 ,шт,13,,,,,
,,,,,"Муфта лат никель переходная Ду 32х15 (1 1/4""х1/2"") ВР Ру 40",32 ,шт,121
,,,,,,,,
"Прокладка фторопласт Ду25(1"") 30х19 h=2мм 2-0022 С фторопласт",25 ,шт,18,,,,,
,,,,,"Муфта лат никель переходная Ду 32х20 (1 1/4""х3/4"") ВР Ру 40",32 ,шт,135
,,,,,,,,
"Прокладка фторопласт Ф-4 Ду15 (1/2"") 19х10мм h=2мм фторопласт",15 ,шт,32,,,,,
,,,,,"Муфта лат никель переходная Ду 40х32 (1 1/2""х1 1/4 ВР Ру 40",40 ,шт,193
,,,,,,,,
"Прокладка фторопласт Ф-4 Ду20 (3/4"") 24х14мм h=2мм фторопласт",20 ,шт,53,,,,,
,,,,,"Муфта лат никель переходная Ду 50х25 (2""х1"") ВР/ВР ВР Ру 40",50 ,шт,264
,,,,,,,,
"Прокладка фторопласт Ф-4 Ду25 (1"") 30х19мм h=2мм б фторопласт",25 ,шт,75,,,,,
,,,,,"Муфта лат никель переходная Ду 50х32 (2""х1 1/4"") В ВР Ру 40",50 ,шт,283
,,,,,,,,
Фитинги резьбовые,,,,,,,,
Наименование,диаметр,Ед.изм,Цена,,"Муфта лат никель переходная Ду 50х40 (2""х1 1/2"") В ВР Ру 40",50 ,шт,275
"Заглушка лат никель Ду 32 (1 1/4"") НР VALFEX VF.58 НР Ру 40",32 ,шт,155,,,,,
,,,,,,,,
,,,,,Муфта латунная никелированная ВР Ру 40,15 ,шт,42
"Заглушка лат никель Ду 40 (1 1/2"") ВР VALFEX VF.59 ВР Ру 40",40 ,шт,216,,,,,
,,,,,Муфта латунная никелированная ВР Ру 40,20 ,шт,55
,,,,,,,,
"Заглушка лат никель Ду 50 (2"") ВР VALFEX VF.590.N. ВР Ру 40",50 ,шт,318,,Муфта латунная никелированная ВР Ру 40,20 ,шт,67
,,,,,,,,
,,,,,Муфта латунная никелированная ВР Ру 40,25 ,шт,124
Заглушка латунная никелированная ВР Ру 40,15 ,шт,25,,,,,
,,,,,Муфта латунная никелированная ВР Ру 40,25 ,шт,72
,,,,,,,,
Заглушка латунная никелированная ВР Ру 40,20 ,шт,40,,Муфта латунная никелированная ВР Ру 40,25 ,шт,95
,,,,,,,,
,,,,,"Муфта стальная ВР 1 1/2""",40 ,шт,136
,,,,,,,,
,,,,,,,,
,,,,,,,,
,,,,,,,,
,,,,,,,,
Фитинги резьбовые (продолжение),,,,,Соединитель латунный никелированный ВР/Амер Ру 40,20 ,шт,135
Наименование,диаметр,Ед.изм,Цена,,,,,
"Муфта стальная ВР 1 1/4""",32 ,шт,54,,,,,
,,,,,Соединитель латунный никелированный ВР/Амер Ру 40,25 ,шт,228
"Муфта стальная ВР 1""",25 ,шт,40,,,,,
"Муфта стальная ВР 1/2""",15 ,шт,27,,,,,
,,,,,"Тройник лат никель переходной Ду 20х15х20 (3/4""х1/ ВР Ру 40",20 ,шт,169
"Муфта стальная ВР 2""",50 ,шт,165,,,,,
"Муфта стальная ВР 3/4""",20 ,шт,30,,,,,
,,,,,"Тройник лат никель переходной Ду 25х15х25 (1""х1/2"" ВР Ру 40",25 ,шт,259
"Ниппель лат никель переходной Ду 32х15 (1 1/4""х1/2 НР Ру 40",32 ,шт,118,,,,,
,,,,,,,,
,,,,,"Тройник лат никель переходной Ду 25х20х25 (1""х3/4"" ВР Ру 40",25 ,шт,291
"Ниппель лат никель переходной Ду 32х20 (1 1/4""х3/4 НР Ру 40",32 ,шт,112,,,,,
,,,,,,,,
,,,,,Тройник латунный никелированный ВР Ру 40,15 ,шт,85
"Ниппель лат никель переходной Ду 40х20 (1 1/2""х3/4 НР Ру 40",40 ,шт,151,,,,,
,,,,,,,,
,,,,,Тройник латунный никелированный ВР Ру 40,20 ,шт,105
Ниппель латунный никелированный НР Ру 40,15 ,шт,25,,,,,
,,,,,,,,
,,,,,Тройник латунный никелированный ВР Ру 40,25 ,шт,238
Ниппель латунный никелированный НР Ру 40,15 ,шт,28,,,,,
,,,,,,,,
,,,,,Тройник латунный никелированный ВР/НР,20 ,шт,133
Ниппель латунный никелированный НР Ру 40,20 ,шт,43,,,,,
,,,,,Тройник латунный никелированный ВР/НР Ру 40,15 ,шт,85
,,,,,,,,
Ниппель латунный никелированный НР Ру 40,20 ,шт,48,,,,,
,,,,,Тройник латунный никелированный НР,15 ,шт,118
,,,,,,,,
Ниппель латунный никелированный НР Ру 40,25 ,шт,69,,Тройник латунный никелированный НР Ру 40,15 ,шт,87
,,,,,,,,
,,,,,,,,
Ниппель латунный никелированный НР Ру 40,25 ,шт,82,,Угольник латунный никелированный ВР Ру 40,15 ,шт,67
,,,,,,,,
,,,,,,,,
Ниппель латунный никелированный НР Ру 40,25 ,шт,89,,Угольник латунный никелированный ВР Ру 40,20 ,шт,116
,,,,,,,,
,,,,,,,,
"Переход лат никель Ду 32х20 (1 1/4""х3/4"") ВР/НР VA ВР/НР Ру 40",32 ,шт,123,,Угольник латунный никелированный ВР Ру 40,25 ,шт,204
,,,,,,,,
,,,,,,,,
Переходник латунный никелированный ВР/НР,15 ,шт,27,,Угольник латунный никелированный ВР/НР Ру 40,15 ,шт,68
,,,,,,,,
,,,,,,,,
Переходник латунный никелированный ВР/НР Ру 40,20 ,шт,49,,Угольник латунный никелированный ВР/НР Ру 40,20 ,шт,112
,,,,,,,,
,,,,,,,,
Переходник латунный никелированный ВР/НР Ру 40,25 ,шт,70,,Угольник латунный никелированный НР,20 ,шт,118
,,,,,,,,
,,,,,Угольник латунный никелированный НР,25 ,шт,195
Переходник латунный никелированный ВР/НР Ру 40,25 ,шт,74,,,,,
,,,,,"Футорка лат никель Ду 32х25 (1 1/4""х1"") НР/ВР VALF НР/ВР Ру 40",32 ,шт,168
,,,,,,,,
Сгон латунный никелированный ВР/Амер Ру 40,15 ,шт,113,,,,,
,,,,,Футорка латунная никелированная НР/ВР Ру 40,15 ,шт,16
,,,,,,,,
Сгон латунный никелированный ВР/Амер Ру 40,20 ,шт,177,,,,,
,,,,,Футорка латунная никелированная НР/ВР Ру 40,20 ,шт,27
,,,,,,,,
Сгон латунный никелированный ВР/Амер Ру 40,25 ,шт,398,,,,,
,,,,,Футорка латунная никелированная НР/ВР Ру 40,25 ,шт,57
,,,,,,,,
Соединитель латунный никелированный Американка Ру 40,15 ,шт,92,,,,,
,,,,,Футорка латунная никелированная НР/ВР Ру 40,25 ,шт,81
,,,,,,,,
,,,,,,,,
,,,,,,,,
,,,,,,,,
,,,,,,,,
,,,,,,,,
,,,,,Отвод чугунный SML 15гр,125 ,шт,483
Футорка латунная никелированная НР/ВР Ру 40,25 ,шт,81,,,,,
,,,,,Отвод чугунный SML 15гр,150 ,шт,691
,,,,,,,,
Регуляторы давления,,,,,Отвод чугунный SML 15гр,200 ,шт,1365
Наименование,диаметр,Ед.изм,Цена,,,,,
Регулятор давления поршневой Ду  Ру16,15 ,шт,520,,Отвод чугунный SML 30гр,50 ,шт,149
,,,,,,,,
Регулятор давления поршневой Ду  Ру16,20 ,шт,660,,Отвод чугунный SML 30гр,100 ,шт,359
,,,,,,,,
Коллекторы распределительные,,,,,Отвод чугунный SML 30гр,125 ,шт,555
Наименование,диаметр,Ед.изм,Цена,,,,,
Коллектор латунный Ду 2 выхода Ру16,20 ,шт,675,,Отвод чугунный SML 30гр,200 ,шт,1717
,,,,,,,,
Коллектор латунный Ду 2 выхода Ру16,25 ,шт,678,,Отвод чугунный SML 45 гр.,50 ,шт,137
,,,,,,,,
Коллектор латунный Ду 3 выхода Ру16,20 ,шт,775,,Отвод чугунный SML 45гр,125 ,шт,660
,,,,,,,,
Коллектор латунный Ду 3 выхода Ру16,25 ,шт,912,,Отвод чугунный SML 45гр,200 ,шт,1797
,,,,,,,,
Коллектор латунный Ду 4 выхода Ру16,20 ,шт,1110,,Отвод чугунный SML 45гр,250 ,шт,3472
,,,,,,,,
Коллектор латунный Ду 4 выхода Ру16,25 ,шт,1143,,Отвод чугунный SML 70гр,50 ,шт,202
,,,,,,,,
Трубы чугунные безраструбные SML,,,,,Отвод чугунный SML 70гр,100 ,шт,540
Наименование,диаметр,Ед.изм,Цена,,,,,
Заглушка чугунная SML торцевая,50 ,шт,56,,Отвод чугунный SML 70гр,150 ,шт,1219
,,,,,,,,
Заглушка чугунная SML торцевая,125 ,шт,327,,Отвод чугунный SML 88гр,100 ,шт,1626
,,,,,,,,
Заглушка чугунная SML торцевая,250 ,шт,2237,,Отвод чугунный SML 88гр,150 ,шт,3196
,,,,,,,,
Кольцо чугунное опорное SML опорное,50 ,шт,306,,Отвод чугунный SML 88гр,200 ,шт,2699
,,,,,,,,
Кольцо чугунное опорное SML опорное,100 ,шт,508,,Отвод чугунный SML 90 гр.,100 ,шт,582
,,,,,,,,
Кольцо чугунное опорное SML опорное,125 ,шт,667,,Отвод чугунный SML 90 гр.,150 ,шт,1359
,,,,,,,,
Кольцо чугунное опорное SML опорное,150 ,шт,835,,Отвод чугунный SML 90гр,50 ,шт,354
,,,,,,,,
Кольцо чугунное опорное SML опорное,200 ,шт,1212,,Отвод чугунный SML 90гр,100 ,шт,944
,,,,,,,,
Кольцо чугунное опорное SML опорное,250 ,шт,3307,,Отвод чугунный SML 90гр,125 ,шт,2504
,,,,,,,,
Крестовина SML 90гр,100 ,шт,929,,Отвод чугунный SML 90гр,125 ,шт,908
Крестовина SML 90гр,125 ,шт,1534,,,,,
Крестовина SML 90гр,150 ,шт,2098,,Переход чугун SML,100 ,шт,248
Крестовина SML 2-х плоскостная 90гр двухпл,100 ,шт,1015,,Переход чугун SML,125 ,шт,387
,,,,,Переход чугун SML,125 ,шт,414
,,,,,Переход чугун SML,150 ,шт,577
Крестовина SML 2-х плоскостная 90гр двухпл,125 ,шт,1497,,Переход чугун SML,200 ,шт,1286
,,,,,Переходник SML на пластиковые трубы,50 ,шт,288
,,,,,,,,
Крестовина SML 2-х плоскостная 90гр двухпл,150 ,шт,1702,,Пресс-заглушка SML пресс-заглушка,50 ,шт,195
,,,,,,,,
,,,,,Пресс-заглушка SML пресс-заглушка,100 ,шт,656
Муфта обжимная SML Grip E,50 ,шт,2950,,,,,
,,,,,Пресс-заглушка SML пресс-заглушка,125 ,шт,935
Муфта обжимная SML Grip E,100 ,шт,4180,,,,,
,,,,,Пресс-заглушка SML пресс-заглушка,150 ,шт,1307
Муфта обжимная SML Grip E,125 ,шт,6150,,,,,
,,,,,Пресс-заглушка SML пресс-заглушка,200 ,шт,2257
Муфта обжимная SML Grip E,200 ,шт,10150,,,,,
,,,,,Ревизия чугунная SML с замком,100 ,шт,3412
Муфта обжимная SML Grip E,300 ,шт,21865,,,,,
,,,,,Ревизия чугунная SML с замком,150 ,шт,4777
Отвод чугунный SML 15гр,50 ,шт,121,,,,,
,,,,,,,,
,,,,,,,,
,,,,,,,,
,,,,,,,,
,,,,,,,,
Трубы чугунные безраструбные SML (продолжение),,,,,Труба чугунная опорная SML опорная для стояка,150 ,шт,1181
Наименование,диаметр,Ед.изм,Цена,,,,,
Ревизия чугунная SML круглой круглая крышка,100 ,шт,1620,,,,,
,,,,,Труба чугунная опорная SML опорная для стояка,250 ,шт,4420
,,,,,,,,
Ревизия чугунная SML прямоуг прямоугольная крышка,125 ,шт,3339,,,,,
,,,,,Фланец переходной переходной,100 ,шт,2181
,,,,,,,,
Ревизия чугунная SML прямоуг прямоугольная крышка,200 ,шт,7014,,Фланец переходной переходной,125 ,шт,3234
,,,,,,,,
,,,,,Фланец переходной переходной,150 ,шт,3585
Ревизия чугунная SML прямоуг прямоугольная крышка,250 ,шт,12600,,,,,
,,,,,Хомут SML CV CV,100 ,шт,129
,,,,,Хомут SML CV CV,125 ,шт,215
Тройник чугунный SML 45гр,100 ,шт,691,,Хомут SML CV CV,150 ,шт,235
,,,,,Хомут SML CV CV,200 ,шт,409
Тройник чугунный SML 45гр,125 ,шт,1533,,Хомут SML CV CV,250 ,шт,1160
,,,,,Хомут SML Kombi Kombi Kralle,100 ,шт,465
Тройник чугунный SML 45гр,125 ,шт,1771,,,,,
,,,,,Хомут SML Kombi Kombi Kralle,125 ,шт,572
Тройник чугунный SML 45гр,125 ,шт,920,,,,,
,,,,,Хомут SML Kombi Kombi Kralle,150 ,шт,650
Тройник чугунный SML 45гр,150 ,шт,1549,,,,,
,,,,,Хомут SML Kombi Kombi Kralle,200 ,шт,835
Тройник чугунный SML 45гр,150 ,шт,2005,,,,,
,,,,,Хомут SML Kombi Kombi Kralle,250 ,шт,1575
Тройник чугунный SML 45гр,150 ,шт,2362,,,,,
,,,,,Хомут SML Kombi Kombi Kralle сталь,100 ,шт,435
Тройник чугунный SML 45гр,150 ,шт,2606,,,,,
,,,,,Хомут SML Kombi Kombi Kralle сталь,150 ,шт,595
Тройник чугунный SML 45гр,200 ,шт,3451,,,,,
,,,,,"Хомут SML Kombi Kombi, усиливающий",100 ; 150,шт,0
Тройник чугунный SML 45гр,200 ,шт,3972,,,,,
,,,,,Хомут SML Rapid Rapid,50 ,шт,110
Тройник чугунный SML 45гр,250 ,шт,10699,,,,,
,,,,,Хомут SML Rapid Rapid,100 ,шт,155
Тройник чугунный SML 45гр,250 ,шт,5139,,,,,
,,,,,Хомут SML Rapid Rapid,125 ,шт,211
Тройник чугунный SML 45гр,250 ,шт,6810,,,,,
,,,,,Хомут SML Rapid Rapid,150 ,шт,245
Тройник чугунный SML 45гр,250 ,шт,8373,,,,,
,,,,,Хомут SML Rapid Rapid,200 ,шт,555
Тройник чугунный SML 90гр,50 ,шт,262,,,,,
,,,,,Хомут SML Rapid Rapid,250 ,шт,1350
Тройник чугунный SML 90гр,100 ,шт,802,,,,,
,,,,,Хомут SML Rapid Rapid сталь,50 ,шт,99
Тройник чугунный SML 90гр,125 ,шт,1313,,,,,
,,,,,Хомут SML Rapid Rapid сталь,100 ,шт,135
Тройник чугунный SML 90гр,150 ,шт,1622,,,,,
,,,,,,,,
Тройник чугунный SML 90гр,150 ,шт,1758,,,,,
,,,,,,,,
Тройник чугунный SML 90гр,150 ,шт,1911,,,,,
,,,,,,,,
Тройник чугунный SML 90гр,200 ,шт,2320,,,,,
,,,,,,,,
Труба чугунная SML,50 ,шт,2215,,,,,
Труба чугунная SML,100 ,шт,4050,,,,,
Труба чугунная SML,125 ,шт,5730,,,,,
Труба чугунная SML,150 ,шт,6970,,,,,
Труба чугунная SML,200 ,шт,10815,,,,,
Труба чугунная опорная SML опорная для стояка,100 ,шт,636,,,,,
,,,,,,,,
,,,,,,,,
Труба чугунная опорная SML опорная для стояка,125 ,шт,867,,,,,
