,,,,,,+7(495)925-11-55,,
,,,,,,https://mc.ru,,
,,,,,袩褉邪泄褋-谢懈褋褌   芯褌   24.04.2026   15:13,,,
袣邪褔械褋褌胁械薪薪褘泄 锌褉芯泻邪褌,,,,,,,,
小孝袗袥鞋 小袨袪孝 袣袨袧小孝袪 袣袪校袚,,,,,,,,
袦邪褉泻邪,写懈邪屑械褌褉,袝写.懈蟹屑,笑械薪邪,,,70 ; 75; 80,,
小褌3,10 ,褌,53990,,30啸袚小袗,90 ; 95; 100,褌,59990
小褌3,12 ,褌,49990,,30啸袚小袗,110 ; 120; 130; 140,褌,63990
小褌3,14 ; 16; 18,褌,48990,,,150 ; 160,,
小褌3,20 ,褌,47990,,30啸袚小袗,180 ,褌,70990
小褌3,22 ; 24,褌,48990,,30啸袚小袗,220 ; 230; 240; 250,褌,86990
小褌3,25 ,褌,47990,,30啸袚小袗,260 ,褌,92990
小褌3,28 ,褌,48990,,30啸袚小袗,280 ; 290,褌,99990
小褌3,30 ,褌,47990,,38啸2袦挟袗,60 ; 70; 80; 90,褌,115990
小褌3,32 ; 34; 36; 38,褌,48990,,,100 ,,
,40 ; 42; 45; 48,,,,38啸2袦挟袗,110 ; 120,褌,119990
,50 ; 56; 60; 65,,,,38啸2袦挟袗,140 ; 150; 160; 170,褌,121990
,70 ; 75; 80,,,,,180 ,,
小褌3,90 ; 100,褌,51990,,38啸2袦挟袗,190 ; 200; 210; 220,褌,124990
小褌3,110 ; 120; 130; 140,褌,54590,,38啸2袦挟袗,240 ; 250,褌,129990
,160 ; 170; 180,,,,40啸,12 ,褌,59990
小褌3,190 ; 200,褌,63990,,40啸,14 ; 16; 20; 22,褌,51990
小褌3,210 ; 220; 230; 240,褌,66590,,,24 ; 30; 32; 34,,
,250 ,,,,,38 ; 40; 42; 45,,
小褌3,260 ; 270,褌,79990,,,48 ; 50; 52; 60,,
小褌3,280 ,褌,87990,,,65 ; 70; 80,,
小褌3    芯褑懈薪泻,8 ,褌,106990,,40啸,85 ; 90; 95; 100,褌,54990
小褌3    芯褑懈薪泻,12 ,褌,105990,,40啸,105 ; 110; 120; 130,褌,57990
小褌3    芯褑懈薪泻,16 ; 18; 20,褌,102990,,,140 ; 160; 170; 180,,
小褌3    芯褑懈薪泻 袣,8 ; 12,褌,105250,,40啸,190 ; 200,褌,69990
小褌3   芯褑懈薪泻 芯褑懈薪泻,10 ,褌,105990,,40啸,230 ; 250,褌,78990
09袚2小,16 ; 20; 22; 24,褌,51990,,40啸,260 ; 270,褌,89990
,25 ; 28; 30; 32,,,,40啸,280 ; 290,褌,94990
,36 ; 40; 42; 45,,,,小褌20,10 ; 12,褌,55990
,48 ; 50; 56; 75,,,,小褌20,14 ; 18; 20; 22,褌,48990
,80 ,,,,,24 ; 25; 26; 28,,
09袚2小,85 ; 90; 95; 100,褌,54990,,,30 ; 32; 34; 36,,
09袚2小,105 ; 110; 120; 130,褌,58590,,,38 ; 40; 42; 45,,
,160 ,,,,,48 ; 50; 52; 56,,
09袚2小,170 ; 180,褌,64590,,,60 ; 65; 70; 75,,
09袚2小,190 ,褌,67990,,,80 ,,
09袚2小,210 ; 220,褌,74990,,小褌20,85 ; 90; 95; 100,褌,51990
09袚2小,240 ; 250,褌,78990,,小褌20,105 ; 110; 120; 130,褌,54590
09袚2小,260 ,褌,87990,,,140 ; 150; 160; 170,,
09袚2小,270 ,褌,88990,,,180 ,,
09袚2小,280 ; 290,褌,94990,,小褌20,190 ; 200,褌,63990
18啸袚孝,30 ; 36; 40; 42,褌,56990,,小褌20,210 ; 220; 230; 240,褌,67590
,60 ; 70; 80,,,,小褌20,260 ,褌,79990
18啸袚孝,90 ; 100,褌,59990,,小褌35,12 ,褌,55990
18啸袚孝,110 ; 120; 130; 140,褌,63490,,小褌35,14 ; 16; 18; 20,褌,48990
,150 ,,,,,22 ; 24; 25; 26,,
18啸袚孝,170 ,褌,72990,,,28 ; 32; 34; 36,,
18啸袚孝,210 ; 220; 230; 240,褌,86990,,,38 ; 40; 42; 45,,
,250 ,,,,,50 ; 52; 54; 56,,
18啸袚孝,270 ; 280; 290,褌,99990,,,60 ; 65; 70; 75,,
18啸袚孝,300 ,褌,119990,,小褌35,90 ; 95; 100,褌,51990
20啸,20 ; 25; 30; 34,褌,53990,,小褌35,110 ; 115; 120; 125,褌,54590
,36 ; 40; 50; 56,,,,,130 ; 140; 150; 160,,
,60 ; 65; 75; 80,,,,,170 ; 180,,
20啸,90 ; 100; 110; 120,褌,58990,,小褌35,200 ,褌,63990
,130 ; 150; 160; 170,,,,小褌35,210 ; 230; 240; 250,褌,67590
,180 ,,,,小褌35,270 ,褌,79990
20啸,210 ; 220,褌,73990,,小褌35,280 ,褌,87990
20啸,250 ,褌,79990,,小褌45,12 ,褌,55990
20啸,260 ; 270; 280,褌,94990,,小褌45,14 ; 18; 20; 22,褌,48990
30啸袚小袗,16 ; 22; 25; 30,褌,56990,,,24 ; 26; 30; 32,,
,32 ; 36; 40; 45,,,,,34 ; 35; 36; 38,,
,50 ; 56; 60; 65,,,,,40 ; 42; 45; 46,,
,,,,,,,,
,,,,,,,,
,,,,,,,,
,,,,,,,,
,,,,,,,,
小孝袗袥鞋 小袨袪孝 袣袨袧小孝袪 袣袪校袚 (锌褉芯写芯谢卸械薪懈械),,,,,40啸袧,70 ; 80; 90; 100,褌,96990
袦邪褉泻邪,写懈邪屑械褌褉,袝写.懈蟹屑,笑械薪邪,,40啸袧,110 ; 120; 130; 150,褌,99990
,48 ; 52; 54; 56,,,,,160 ; 170; 180,,
,60 ; 65; 70; 75,,,,40啸袧,190 ; 200,褌,116990
,80 ,,,,40啸袧,210 ; 220,褌,119990
小褌45,85 ; 90; 95; 100,褌,51990,,40啸袧,230 ,褌,125990
小褌45,105 ; 110; 120; 130,褌,54590,,40啸袧,260 ,褌,139990
,140 ; 150; 160; 170,,,,40啸袧,280 ,褌,144990
,180 ,,,,40啸袧2袦袗,60 ; 70; 80; 90,褌,129990
小褌45,190 ; 200,褌,63990,,,100 ; 120; 150; 160,,
小褌45,210 ; 220; 230; 240,褌,67590,,,180 ; 200,,
,250 ,,,,40啸袧2袦袗,210 ,褌,132990
小褌45,260 ; 270,褌,79990,,40啸袧2袦袗,240 ; 250,褌,149990
小褌45,280 ; 290,褌,87990,,40啸袧2袦袗,260 ; 280,褌,159990
小褌65袚,10 ,褌,74990,,小孝袗袥鞋 袣袨袧小孝袪校袣笑袠袨袧袧袗携  袧袠袣袝袥 袣袙袗袛袪袗孝,,,
小褌65袚,12 ; 14; 20; 30,褌,72990,,袦邪褉泻邪,褉邪蟹屑械褉,袝写.懈蟹屑,笑械薪邪
,40 ; 50; 60; 70,,,,40啸袧袙,200 ,褌,115990
,80 ; 90; 100; 110,,,,小孝袗袥鞋 小袨袪孝 小袩袝笑 小袙-袦袠 袣袪校袚,,,
,130 ; 140; 150; 160,,,,袦邪褉泻邪,写懈邪屑械褌褉,袝写.懈蟹屑,笑械薪邪
,170 ; 180,,,,03袙袠 斜/褋,130 ,褌,157500
小褌65袚,200 ; 210; 220,褌,79990,,小孝袗袥鞋 小袨袪孝 袠袧小孝袪校袦 袣袪校袚,,,
小褌65袚,230 ,褌,89990,,袦邪褉泻邪,写懈邪屑械褌褉,袝写.懈蟹屑,笑械薪邪
小孝袗袥鞋 小袨袪孝 袣袨袧小孝袪 楔袝小孝袠袚袪袗袧袧袠袣,,,,,9啸1 斜/褋,40 ,褌,47990
袦邪褉泻邪,写懈邪屑械褌褉,袝写.懈蟹屑,笑械薪邪,,9啸小,16 ; 18; 20; 26,褌,102990
09袚2小,14 ; 17; 22; 24,褌,79990,,,30 ,,
,27 ; 30; 32; 36,,,,9啸小,40 ; 45; 50; 60,褌,99990
,41 ,,,,,65 ; 70; 90; 100,,
09袚2小,46 ; 50; 52; 55,褌,85990,,,110 ; 120; 130; 170,,
,57 ; 65,,,,,200 ; 210; 220,,
09袚2小,75 ,褌,86990,,校8袗,10 ,褌,79990
40啸,14 ; 17; 19; 22,褌,79990,,校8袗,12 ; 14,褌,75990
,24 ; 27; 30; 32,,,,校8袗,16 ; 18; 20; 22,褌,73990
,36 ; 41,,,,,25 ; 28; 32; 35,,
40啸,46 ; 55; 65; 75,褌,84990,,,36 ; 40; 45; 50,,
小褌20,12 ; 14; 17; 19,褌,73990,,,60 ; 65; 70,,
,24 ; 27; 30; 32,,,,校8袗,80 ; 90; 100; 110,褌,74990
,36 ; 41,,,,,120 ,,
小褌20,46 ; 50; 65,褌,77990,,校8袗,150 ; 160; 170,褌,76990
小褌20,75 ,褌,80990,,协袣-80楔,50 ; 55,褌,99990
小褌35,12 ; 14; 19; 27,褌,73990,,袩袨袣袨袙袣袗,,,
,30 ; 32; 36; 41,,,,袦邪褉泻邪,褉邪蟹屑械褉,袝写.懈蟹屑,笑械薪邪
小褌35,46 ; 50; 55; 65,褌,77990,,40啸    锌褉械褋褋芯胁邪褟 褋 芯褌卸懈谐芯屑 袠褉邪薪,360 ,褌,156000
小褌35,75 ,褌,80990,,,,,
小褌45,12 ; 17; 19; 22,褌,73990,,小褌20    锌褉械褋褋芯胁邪褟 褋 芯褌卸懈谐芯屑 袠褉邪薪,370 ,褌,152000
,24 ; 27; 30; 32,,,,,,,
,36 ; 41,,,,小褌45    锌褉械褋褋芯胁邪褟 褋 芯褌卸懈谐芯屑 袠褉邪薪,360 ; 510,褌,152000
小褌45,46 ; 50; 55,褌,77990,,,,,
小褌45,75 ,褌,80990,,,,,
小孝袗袥鞋 袣袨袧小孝袪校袣笑袠袨袧袧袗携  袧袠袣袝袥 袣袪校袚,,,,,,,,
袦邪褉泻邪,写懈邪屑械褌褉,袝写.懈蟹屑,笑械薪邪,,,,,
12啸2袧4袗,40 ; 42; 45; 65,褌,159990,,,,,
12啸袧3袗,36 ; 40; 50,褌,179990,,,,,
12啸袧3袗,60 ; 65; 70; 80,褌,169990,,,,,
,90 ; 100; 110; 120,,,,,,,
,130 ; 150; 160; 170,,,,,,,
,180 ,,,,,,,
12啸袧3袗,200 ,褌,179990,,,,,
12啸袧3袗,210 ; 220,褌,189990,,,,,
12啸袧3袗,230 ; 240; 250,褌,199990,,,,,
20啸2袧4袗,90 ,褌,200230,,,,,
20啸2袧4袗,100 ,褌,203940,,,,,
20啸2袧4袗,120 ; 180,褌,179990,,,,,
40啸袧,10 ,褌,49990,,,,,
40啸袧,20 ; 25; 30; 32,褌,109990,,,,,
40啸袧,36 ; 40; 45,褌,106990,,,,,
40啸袧,60 ,褌,102990,,,,,
40啸袧,65 ,褌,99990,,,,,
